Time,Solar Irradiation
2020-12-31 14:00:00-05:00,0.0
2020-12-31 15:00:00-05:00,0.0
2020-12-31 16:00:00-05:00,0.0
2020-12-31 17:00:00-05:00,0.0
2020-12-31 18:00:00-05:00,0.0
2020-12-31 19:00:00-05:00,0.0
2020-12-31 20:00:00-05:00,0.0
2020-12-31 21:00:00-05:00,0.0
2020-12-31 22:00:00-05:00,0.0
2020-12-31 23:00:00-05:00,0.0
2021-01-01 00:00:00-05:00,0.0
2021-01-01 01:00:00-05:00,0.0
2021-01-01 02:00:00-05:00,0.0
2021-01-01 03:00:00-05:00,70.51
2021-01-01 04:00:00-05:00,175.66
2021-01-01 05:00:00-05:00,293.64
2021-01-01 06:00:00-05:00,342.56
2021-01-01 07:00:00-05:00,351.17
2021-01-01 08:00:00-05:00,217.73
2021-01-01 09:00:00-05:00,152.98
2021-01-01 10:00:00-05:00,50.41
2021-01-01 11:00:00-05:00,0.0
2021-01-01 12:00:00-05:00,0.0
2021-01-01 13:00:00-05:00,0.0
2021-01-01 14:00:00-05:00,0.0
2021-01-01 15:00:00-05:00,0.0
2021-01-01 16:00:00-05:00,0.0
2021-01-01 17:00:00-05:00,0.0
2021-01-01 18:00:00-05:00,0.0
2021-01-01 19:00:00-05:00,0.0
2021-01-01 20:00:00-05:00,0.0
2021-01-01 21:00:00-05:00,0.0
2021-01-01 22:00:00-05:00,0.0
2021-01-01 23:00:00-05:00,0.0
2021-01-02 00:00:00-05:00,0.0
2021-01-02 01:00:00-05:00,0.0
2021-01-02 02:00:00-05:00,0.0
2021-01-02 03:00:00-05:00,38.38
2021-01-02 04:00:00-05:00,56.07
2021-01-02 05:00:00-05:00,101.34
2021-01-02 06:00:00-05:00,132.08
2021-01-02 07:00:00-05:00,124.73
2021-01-02 08:00:00-05:00,164.62
2021-01-02 09:00:00-05:00,97.8
2021-01-02 10:00:00-05:00,73.36
2021-01-02 11:00:00-05:00,0.0
2021-01-02 12:00:00-05:00,0.0
2021-01-02 13:00:00-05:00,0.0
2021-01-02 14:00:00-05:00,0.0
2021-01-02 15:00:00-05:00,0.0
2021-01-02 16:00:00-05:00,0.0
2021-01-02 17:00:00-05:00,0.0
2021-01-02 18:00:00-05:00,0.0
2021-01-02 19:00:00-05:00,0.0
2021-01-02 20:00:00-05:00,0.0
2021-01-02 21:00:00-05:00,0.0
2021-01-02 22:00:00-05:00,0.0
2021-01-02 23:00:00-05:00,0.0
2021-01-03 00:00:00-05:00,0.0
2021-01-03 01:00:00-05:00,0.0
2021-01-03 02:00:00-05:00,0.0
2021-01-03 03:00:00-05:00,50.07
2021-01-03 04:00:00-05:00,51.07
2021-01-03 05:00:00-05:00,119.58
2021-01-03 06:00:00-05:00,120.49
2021-01-03 07:00:00-05:00,153.84
2021-01-03 08:00:00-05:00,90.13
2021-01-03 09:00:00-05:00,93.01
2021-01-03 10:00:00-05:00,36.94
2021-01-03 11:00:00-05:00,0.0
2021-01-03 12:00:00-05:00,0.0
2021-01-03 13:00:00-05:00,0.0
2021-01-03 14:00:00-05:00,0.0
2021-01-03 15:00:00-05:00,0.0
2021-01-03 16:00:00-05:00,0.0
2021-01-03 17:00:00-05:00,0.0
2021-01-03 18:00:00-05:00,0.0
2021-01-03 19:00:00-05:00,0.0
2021-01-03 20:00:00-05:00,0.0
2021-01-03 21:00:00-05:00,0.0
2021-01-03 22:00:00-05:00,0.0
2021-01-03 23:00:00-05:00,0.0
2021-01-04 00:00:00-05:00,0.0
2021-01-04 01:00:00-05:00,0.0
2021-01-04 02:00:00-05:00,0.0
2021-01-04 03:00:00-05:00,62.24
2021-01-04 04:00:00-05:00,144.41
2021-01-04 05:00:00-05:00,124.12
2021-01-04 06:00:00-05:00,168.17
2021-01-04 07:00:00-05:00,159.52
2021-01-04 08:00:00-05:00,118.95
2021-01-04 09:00:00-05:00,116.35
2021-01-04 10:00:00-05:00,81.31
2021-01-04 11:00:00-05:00,0.0
2021-01-04 12:00:00-05:00,0.0
2021-01-04 13:00:00-05:00,0.0
2021-01-04 14:00:00-05:00,0.0
2021-01-04 15:00:00-05:00,0.0
2021-01-04 16:00:00-05:00,0.0
2021-01-04 17:00:00-05:00,0.0
2021-01-04 18:00:00-05:00,0.0
2021-01-04 19:00:00-05:00,0.0
2021-01-04 20:00:00-05:00,0.0
2021-01-04 21:00:00-05:00,0.0
2021-01-04 22:00:00-05:00,0.0
2021-01-04 23:00:00-05:00,0.0
2021-01-05 00:00:00-05:00,0.0
2021-01-05 01:00:00-05:00,0.0
2021-01-05 02:00:00-05:00,0.0
2021-01-05 03:00:00-05:00,50.58
2021-01-05 04:00:00-05:00,90.6
2021-01-05 05:00:00-05:00,136.12
2021-01-05 06:00:00-05:00,154.13
2021-01-05 07:00:00-05:00,207.85
2021-01-05 08:00:00-05:00,167.97
2021-01-05 09:00:00-05:00,128.52
2021-01-05 10:00:00-05:00,59.41
2021-01-05 11:00:00-05:00,0.0
2021-01-05 12:00:00-05:00,0.0
2021-01-05 13:00:00-05:00,0.0
2021-01-05 14:00:00-05:00,0.0
2021-01-05 15:00:00-05:00,0.0
2021-01-05 16:00:00-05:00,0.0
2021-01-05 17:00:00-05:00,0.0
2021-01-05 18:00:00-05:00,0.0
2021-01-05 19:00:00-05:00,0.0
2021-01-05 20:00:00-05:00,0.0
2021-01-05 21:00:00-05:00,0.0
2021-01-05 22:00:00-05:00,0.0
2021-01-05 23:00:00-05:00,0.0
2021-01-06 00:00:00-05:00,0.0
2021-01-06 01:00:00-05:00,0.0
2021-01-06 02:00:00-05:00,0.0
2021-01-06 03:00:00-05:00,71.0
2021-01-06 04:00:00-05:00,123.27
2021-01-06 05:00:00-05:00,208.88
2021-01-06 06:00:00-05:00,210.89
2021-01-06 07:00:00-05:00,230.26
2021-01-06 08:00:00-05:00,236.32
2021-01-06 09:00:00-05:00,147.0
2021-01-06 10:00:00-05:00,86.52
2021-01-06 11:00:00-05:00,0.0
2021-01-06 12:00:00-05:00,0.0
2021-01-06 13:00:00-05:00,0.0
2021-01-06 14:00:00-05:00,0.0
2021-01-06 15:00:00-05:00,0.0
2021-01-06 16:00:00-05:00,0.0
2021-01-06 17:00:00-05:00,0.0
2021-01-06 18:00:00-05:00,0.0
2021-01-06 19:00:00-05:00,0.0
2021-01-06 20:00:00-05:00,0.0
2021-01-06 21:00:00-05:00,0.0
2021-01-06 22:00:00-05:00,0.0
2021-01-06 23:00:00-05:00,0.0
2021-01-07 00:00:00-05:00,0.0
2021-01-07 01:00:00-05:00,0.0
2021-01-07 02:00:00-05:00,0.0
2021-01-07 03:00:00-05:00,86.68
2021-01-07 04:00:00-05:00,147.9
2021-01-07 05:00:00-05:00,210.65
2021-01-07 06:00:00-05:00,213.51
2021-01-07 07:00:00-05:00,225.05
2021-01-07 08:00:00-05:00,175.38
2021-01-07 09:00:00-05:00,121.6
2021-01-07 10:00:00-05:00,85.54
2021-01-07 11:00:00-05:00,8.26
2021-01-07 12:00:00-05:00,0.0
2021-01-07 13:00:00-05:00,0.0
2021-01-07 14:00:00-05:00,0.0
2021-01-07 15:00:00-05:00,0.0
2021-01-07 16:00:00-05:00,0.0
2021-01-07 17:00:00-05:00,0.0
2021-01-07 18:00:00-05:00,0.0
2021-01-07 19:00:00-05:00,0.0
2021-01-07 20:00:00-05:00,0.0
2021-01-07 21:00:00-05:00,0.0
2021-01-07 22:00:00-05:00,0.0
2021-01-07 23:00:00-05:00,0.0
2021-01-08 00:00:00-05:00,0.0
2021-01-08 01:00:00-05:00,0.0
2021-01-08 02:00:00-05:00,0.0
2021-01-08 03:00:00-05:00,97.15
2021-01-08 04:00:00-05:00,185.05
2021-01-08 05:00:00-05:00,295.94
2021-01-08 06:00:00-05:00,343.72
2021-01-08 07:00:00-05:00,366.8
2021-01-08 08:00:00-05:00,329.97
2021-01-08 09:00:00-05:00,245.74
2021-01-08 10:00:00-05:00,105.82
2021-01-08 11:00:00-05:00,9.55
2021-01-08 12:00:00-05:00,0.0
2021-01-08 13:00:00-05:00,0.0
2021-01-08 14:00:00-05:00,0.0
2021-01-08 15:00:00-05:00,0.0
2021-01-08 16:00:00-05:00,0.0
2021-01-08 17:00:00-05:00,0.0
2021-01-08 18:00:00-05:00,0.0
2021-01-08 19:00:00-05:00,0.0
2021-01-08 20:00:00-05:00,0.0
2021-01-08 21:00:00-05:00,0.0
2021-01-08 22:00:00-05:00,0.0
2021-01-08 23:00:00-05:00,0.0
2021-01-09 00:00:00-05:00,0.0
2021-01-09 01:00:00-05:00,0.0
2021-01-09 02:00:00-05:00,0.0
2021-01-09 03:00:00-05:00,87.42
2021-01-09 04:00:00-05:00,192.6
2021-01-09 05:00:00-05:00,268.15
2021-01-09 06:00:00-05:00,292.55
2021-01-09 07:00:00-05:00,343.11
2021-01-09 08:00:00-05:00,321.23
2021-01-09 09:00:00-05:00,231.67
2021-01-09 10:00:00-05:00,103.24
2021-01-09 11:00:00-05:00,9.15
2021-01-09 12:00:00-05:00,0.0
2021-01-09 13:00:00-05:00,0.0
2021-01-09 14:00:00-05:00,0.0
2021-01-09 15:00:00-05:00,0.0
2021-01-09 16:00:00-05:00,0.0
2021-01-09 17:00:00-05:00,0.0
2021-01-09 18:00:00-05:00,0.0
2021-01-09 19:00:00-05:00,0.0
2021-01-09 20:00:00-05:00,0.0
2021-01-09 21:00:00-05:00,0.0
2021-01-09 22:00:00-05:00,0.0
2021-01-09 23:00:00-05:00,0.0
2021-01-10 00:00:00-05:00,0.0
2021-01-10 01:00:00-05:00,0.0
2021-01-10 02:00:00-05:00,7.3
2021-01-10 03:00:00-05:00,73.73
2021-01-10 04:00:00-05:00,157.27
2021-01-10 05:00:00-05:00,196.61
2021-01-10 06:00:00-05:00,222.49
2021-01-10 07:00:00-05:00,242.91
2021-01-10 08:00:00-05:00,237.81
2021-01-10 09:00:00-05:00,163.5
2021-01-10 10:00:00-05:00,82.62
2021-01-10 11:00:00-05:00,8.73
2021-01-10 12:00:00-05:00,0.0
2021-01-10 13:00:00-05:00,0.0
2021-01-10 14:00:00-05:00,0.0
2021-01-10 15:00:00-05:00,0.0
2021-01-10 16:00:00-05:00,0.0
2021-01-10 17:00:00-05:00,0.0
2021-01-10 18:00:00-05:00,0.0
2021-01-10 19:00:00-05:00,0.0
2021-01-10 20:00:00-05:00,0.0
2021-01-10 21:00:00-05:00,0.0
2021-01-10 22:00:00-05:00,0.0
2021-01-10 23:00:00-05:00,0.0
2021-01-11 00:00:00-05:00,0.0
2021-01-11 01:00:00-05:00,0.0
2021-01-11 02:00:00-05:00,7.45
2021-01-11 03:00:00-05:00,69.9
2021-01-11 04:00:00-05:00,71.67
2021-01-11 05:00:00-05:00,154.07
2021-01-11 06:00:00-05:00,170.93
2021-01-11 07:00:00-05:00,163.72
2021-01-11 08:00:00-05:00,125.67
2021-01-11 09:00:00-05:00,85.43
2021-01-11 10:00:00-05:00,42.33
2021-01-11 11:00:00-05:00,7.69
2021-01-11 12:00:00-05:00,0.0
2021-01-11 13:00:00-05:00,0.0
2021-01-11 14:00:00-05:00,0.0
2021-01-11 15:00:00-05:00,0.0
2021-01-11 16:00:00-05:00,0.0
2021-01-11 17:00:00-05:00,0.0
2021-01-11 18:00:00-05:00,0.0
2021-01-11 19:00:00-05:00,0.0
2021-01-11 20:00:00-05:00,0.0
2021-01-11 21:00:00-05:00,0.0
2021-01-11 22:00:00-05:00,0.0
2021-01-11 23:00:00-05:00,0.0
2021-01-12 00:00:00-05:00,0.0
2021-01-12 01:00:00-05:00,0.0
2021-01-12 02:00:00-05:00,5.14
2021-01-12 03:00:00-05:00,49.97
2021-01-12 04:00:00-05:00,63.27
2021-01-12 05:00:00-05:00,104.84
2021-01-12 06:00:00-05:00,113.78
2021-01-12 07:00:00-05:00,133.16
2021-01-12 08:00:00-05:00,94.73
2021-01-12 09:00:00-05:00,50.61
2021-01-12 10:00:00-05:00,35.8
2021-01-12 11:00:00-05:00,8.06
2021-01-12 12:00:00-05:00,0.0
2021-01-12 13:00:00-05:00,0.0
2021-01-12 14:00:00-05:00,0.0
2021-01-12 15:00:00-05:00,0.0
2021-01-12 16:00:00-05:00,0.0
2021-01-12 17:00:00-05:00,0.0
2021-01-12 18:00:00-05:00,0.0
2021-01-12 19:00:00-05:00,0.0
2021-01-12 20:00:00-05:00,0.0
2021-01-12 21:00:00-05:00,0.0
2021-01-12 22:00:00-05:00,0.0
2021-01-12 23:00:00-05:00,0.0
2021-01-13 00:00:00-05:00,0.0
2021-01-13 01:00:00-05:00,0.0
2021-01-13 02:00:00-05:00,7.6
2021-01-13 03:00:00-05:00,44.66
2021-01-13 04:00:00-05:00,68.06
2021-01-13 05:00:00-05:00,111.15
2021-01-13 06:00:00-05:00,130.0
2021-01-13 07:00:00-05:00,89.68
2021-01-13 08:00:00-05:00,86.13
2021-01-13 09:00:00-05:00,55.99
2021-01-13 10:00:00-05:00,23.78
2021-01-13 11:00:00-05:00,8.0
2021-01-13 12:00:00-05:00,0.0
2021-01-13 13:00:00-05:00,0.0
2021-01-13 14:00:00-05:00,0.0
2021-01-13 15:00:00-05:00,0.0
2021-01-13 16:00:00-05:00,0.0
2021-01-13 17:00:00-05:00,0.0
2021-01-13 18:00:00-05:00,0.0
2021-01-13 19:00:00-05:00,0.0
2021-01-13 20:00:00-05:00,0.0
2021-01-13 21:00:00-05:00,0.0
2021-01-13 22:00:00-05:00,0.0
2021-01-13 23:00:00-05:00,0.0
2021-01-14 00:00:00-05:00,0.0
2021-01-14 01:00:00-05:00,0.0
2021-01-14 02:00:00-05:00,5.87
2021-01-14 03:00:00-05:00,32.29
2021-01-14 04:00:00-05:00,55.51
2021-01-14 05:00:00-05:00,105.54
2021-01-14 06:00:00-05:00,117.13
2021-01-14 07:00:00-05:00,86.48
2021-01-14 08:00:00-05:00,102.95
2021-01-14 09:00:00-05:00,45.77
2021-01-14 10:00:00-05:00,47.89
2021-01-14 11:00:00-05:00,5.01
2021-01-14 12:00:00-05:00,0.0
2021-01-14 13:00:00-05:00,0.0
2021-01-14 14:00:00-05:00,0.0
2021-01-14 15:00:00-05:00,0.0
2021-01-14 16:00:00-05:00,0.0
2021-01-14 17:00:00-05:00,0.0
2021-01-14 18:00:00-05:00,0.0
2021-01-14 19:00:00-05:00,0.0
2021-01-14 20:00:00-05:00,0.0
2021-01-14 21:00:00-05:00,0.0
2021-01-14 22:00:00-05:00,0.0
2021-01-14 23:00:00-05:00,0.0
2021-01-15 00:00:00-05:00,0.0
2021-01-15 01:00:00-05:00,0.0
2021-01-15 02:00:00-05:00,7.51
2021-01-15 03:00:00-05:00,72.23
2021-01-15 04:00:00-05:00,180.93
2021-01-15 05:00:00-05:00,308.26
2021-01-15 06:00:00-05:00,366.06
2021-01-15 07:00:00-05:00,391.07
2021-01-15 08:00:00-05:00,323.04
2021-01-15 09:00:00-05:00,201.0
2021-01-15 10:00:00-05:00,73.73
2021-01-15 11:00:00-05:00,8.83
2021-01-15 12:00:00-05:00,0.0
2021-01-15 13:00:00-05:00,0.0
2021-01-15 14:00:00-05:00,0.0
2021-01-15 15:00:00-05:00,0.0
2021-01-15 16:00:00-05:00,0.0
2021-01-15 17:00:00-05:00,0.0
2021-01-15 18:00:00-05:00,0.0
2021-01-15 19:00:00-05:00,0.0
2021-01-15 20:00:00-05:00,0.0
2021-01-15 21:00:00-05:00,0.0
2021-01-15 22:00:00-05:00,0.0
2021-01-15 23:00:00-05:00,0.0
2021-01-16 00:00:00-05:00,0.0
2021-01-16 01:00:00-05:00,0.0
2021-01-16 02:00:00-05:00,4.61
2021-01-16 03:00:00-05:00,21.83
2021-01-16 04:00:00-05:00,21.38
2021-01-16 05:00:00-05:00,36.27
2021-01-16 06:00:00-05:00,38.27
2021-01-16 07:00:00-05:00,73.16
2021-01-16 08:00:00-05:00,70.34
2021-01-16 09:00:00-05:00,70.03
2021-01-16 10:00:00-05:00,59.16
2021-01-16 11:00:00-05:00,10.95
2021-01-16 12:00:00-05:00,0.0
2021-01-16 13:00:00-05:00,0.0
2021-01-16 14:00:00-05:00,0.0
2021-01-16 15:00:00-05:00,0.0
2021-01-16 16:00:00-05:00,0.0
2021-01-16 17:00:00-05:00,0.0
2021-01-16 18:00:00-05:00,0.0
2021-01-16 19:00:00-05:00,0.0
2021-01-16 20:00:00-05:00,0.0
2021-01-16 21:00:00-05:00,0.0
2021-01-16 22:00:00-05:00,0.0
2021-01-16 23:00:00-05:00,0.0
2021-01-17 00:00:00-05:00,0.0
2021-01-17 01:00:00-05:00,0.0
2021-01-17 02:00:00-05:00,7.44
2021-01-17 03:00:00-05:00,28.55
2021-01-17 04:00:00-05:00,63.54
2021-01-17 05:00:00-05:00,97.24
2021-01-17 06:00:00-05:00,96.76
2021-01-17 07:00:00-05:00,134.87
2021-01-17 08:00:00-05:00,122.4
2021-01-17 09:00:00-05:00,72.88
2021-01-17 10:00:00-05:00,58.27
2021-01-17 11:00:00-05:00,12.05
2021-01-17 12:00:00-05:00,0.0
2021-01-17 13:00:00-05:00,0.0
2021-01-17 14:00:00-05:00,0.0
2021-01-17 15:00:00-05:00,0.0
2021-01-17 16:00:00-05:00,0.0
2021-01-17 17:00:00-05:00,0.0
2021-01-17 18:00:00-05:00,0.0
2021-01-17 19:00:00-05:00,0.0
2021-01-17 20:00:00-05:00,0.0
2021-01-17 21:00:00-05:00,0.0
2021-01-17 22:00:00-05:00,0.0
2021-01-17 23:00:00-05:00,0.0
2021-01-18 00:00:00-05:00,0.0
2021-01-18 01:00:00-05:00,0.0
2021-01-18 02:00:00-05:00,7.83
2021-01-18 03:00:00-05:00,41.2
2021-01-18 04:00:00-05:00,103.22
2021-01-18 05:00:00-05:00,160.41
2021-01-18 06:00:00-05:00,193.49
2021-01-18 07:00:00-05:00,190.71
2021-01-18 08:00:00-05:00,229.04
2021-01-18 09:00:00-05:00,183.44
2021-01-18 10:00:00-05:00,100.93
2021-01-18 11:00:00-05:00,16.51
2021-01-18 12:00:00-05:00,0.0
2021-01-18 13:00:00-05:00,0.0
2021-01-18 14:00:00-05:00,0.0
2021-01-18 15:00:00-05:00,0.0
2021-01-18 16:00:00-05:00,0.0
2021-01-18 17:00:00-05:00,0.0
2021-01-18 18:00:00-05:00,0.0
2021-01-18 19:00:00-05:00,0.0
2021-01-18 20:00:00-05:00,0.0
2021-01-18 21:00:00-05:00,0.0
2021-01-18 22:00:00-05:00,0.0
2021-01-18 23:00:00-05:00,0.0
2021-01-19 00:00:00-05:00,0.0
2021-01-19 01:00:00-05:00,0.0
2021-01-19 02:00:00-05:00,9.52
2021-01-19 03:00:00-05:00,91.34
2021-01-19 04:00:00-05:00,237.84
2021-01-19 05:00:00-05:00,325.49
2021-01-19 06:00:00-05:00,326.38
2021-01-19 07:00:00-05:00,321.78
2021-01-19 08:00:00-05:00,279.31
2021-01-19 09:00:00-05:00,193.46
2021-01-19 10:00:00-05:00,97.2
2021-01-19 11:00:00-05:00,14.48
2021-01-19 12:00:00-05:00,0.0
2021-01-19 13:00:00-05:00,0.0
2021-01-19 14:00:00-05:00,0.0
2021-01-19 15:00:00-05:00,0.0
2021-01-19 16:00:00-05:00,0.0
2021-01-19 17:00:00-05:00,0.0
2021-01-19 18:00:00-05:00,0.0
2021-01-19 19:00:00-05:00,0.0
2021-01-19 20:00:00-05:00,0.0
2021-01-19 21:00:00-05:00,0.0
2021-01-19 22:00:00-05:00,0.0
2021-01-19 23:00:00-05:00,0.0
2021-01-20 00:00:00-05:00,0.0
2021-01-20 01:00:00-05:00,0.0
2021-01-20 02:00:00-05:00,9.4
2021-01-20 03:00:00-05:00,74.91
2021-01-20 04:00:00-05:00,193.3
2021-01-20 05:00:00-05:00,273.09
2021-01-20 06:00:00-05:00,288.87
2021-01-20 07:00:00-05:00,323.38
2021-01-20 08:00:00-05:00,295.66
2021-01-20 09:00:00-05:00,216.02
2021-01-20 10:00:00-05:00,104.34
2021-01-20 11:00:00-05:00,17.79
2021-01-20 12:00:00-05:00,0.0
2021-01-20 13:00:00-05:00,0.0
2021-01-20 14:00:00-05:00,0.0
2021-01-20 15:00:00-05:00,0.0
2021-01-20 16:00:00-05:00,0.0
2021-01-20 17:00:00-05:00,0.0
2021-01-20 18:00:00-05:00,0.0
2021-01-20 19:00:00-05:00,0.0
2021-01-20 20:00:00-05:00,0.0
2021-01-20 21:00:00-05:00,0.0
2021-01-20 22:00:00-05:00,0.0
2021-01-20 23:00:00-05:00,0.0
2021-01-21 00:00:00-05:00,0.0
2021-01-21 01:00:00-05:00,0.0
2021-01-21 02:00:00-05:00,9.49
2021-01-21 03:00:00-05:00,63.3
2021-01-21 04:00:00-05:00,124.04
2021-01-21 05:00:00-05:00,172.54
2021-01-21 06:00:00-05:00,218.76
2021-01-21 07:00:00-05:00,172.6
2021-01-21 08:00:00-05:00,221.76
2021-01-21 09:00:00-05:00,172.1
2021-01-21 10:00:00-05:00,85.51
2021-01-21 11:00:00-05:00,14.17
2021-01-21 12:00:00-05:00,0.0
2021-01-21 13:00:00-05:00,0.0
2021-01-21 14:00:00-05:00,0.0
2021-01-21 15:00:00-05:00,0.0
2021-01-21 16:00:00-05:00,0.0
2021-01-21 17:00:00-05:00,0.0
2021-01-21 18:00:00-05:00,0.0
2021-01-21 19:00:00-05:00,0.0
2021-01-21 20:00:00-05:00,0.0
2021-01-21 21:00:00-05:00,0.0
2021-01-21 22:00:00-05:00,0.0
2021-01-21 23:00:00-05:00,0.0
2021-01-22 00:00:00-05:00,0.0
2021-01-22 01:00:00-05:00,0.0
2021-01-22 02:00:00-05:00,8.88
2021-01-22 03:00:00-05:00,40.05
2021-01-22 04:00:00-05:00,142.5
2021-01-22 05:00:00-05:00,192.57
2021-01-22 06:00:00-05:00,209.5
2021-01-22 07:00:00-05:00,147.95
2021-01-22 08:00:00-05:00,210.06
2021-01-22 09:00:00-05:00,150.61
2021-01-22 10:00:00-05:00,75.48
2021-01-22 11:00:00-05:00,18.27
2021-01-22 12:00:00-05:00,0.0
2021-01-22 13:00:00-05:00,0.0
2021-01-22 14:00:00-05:00,0.0
2021-01-22 15:00:00-05:00,0.0
2021-01-22 16:00:00-05:00,0.0
2021-01-22 17:00:00-05:00,0.0
2021-01-22 18:00:00-05:00,0.0
2021-01-22 19:00:00-05:00,0.0
2021-01-22 20:00:00-05:00,0.0
2021-01-22 21:00:00-05:00,0.0
2021-01-22 22:00:00-05:00,0.0
2021-01-22 23:00:00-05:00,0.0
2021-01-23 00:00:00-05:00,0.0
2021-01-23 01:00:00-05:00,0.0
2021-01-23 02:00:00-05:00,11.35
2021-01-23 03:00:00-05:00,92.57
2021-01-23 04:00:00-05:00,196.29
2021-01-23 05:00:00-05:00,293.2
2021-01-23 06:00:00-05:00,292.16
2021-01-23 07:00:00-05:00,341.74
2021-01-23 08:00:00-05:00,328.82
2021-01-23 09:00:00-05:00,252.73
2021-01-23 10:00:00-05:00,145.8
2021-01-23 11:00:00-05:00,25.28
2021-01-23 12:00:00-05:00,0.0
2021-01-23 13:00:00-05:00,0.0
2021-01-23 14:00:00-05:00,0.0
2021-01-23 15:00:00-05:00,0.0
2021-01-23 16:00:00-05:00,0.0
2021-01-23 17:00:00-05:00,0.0
2021-01-23 18:00:00-05:00,0.0
2021-01-23 19:00:00-05:00,0.0
2021-01-23 20:00:00-05:00,0.0
2021-01-23 21:00:00-05:00,0.0
2021-01-23 22:00:00-05:00,0.0
2021-01-23 23:00:00-05:00,0.0
2021-01-24 00:00:00-05:00,0.0
2021-01-24 01:00:00-05:00,0.0
2021-01-24 02:00:00-05:00,15.18
2021-01-24 03:00:00-05:00,136.51
2021-01-24 04:00:00-05:00,268.1
2021-01-24 05:00:00-05:00,373.09
2021-01-24 06:00:00-05:00,436.44
2021-01-24 07:00:00-05:00,440.45
2021-01-24 08:00:00-05:00,407.24
2021-01-24 09:00:00-05:00,306.18
2021-01-24 10:00:00-05:00,169.01
2021-01-24 11:00:00-05:00,30.17
2021-01-24 12:00:00-05:00,0.0
2021-01-24 13:00:00-05:00,0.0
2021-01-24 14:00:00-05:00,0.0
2021-01-24 15:00:00-05:00,0.0
2021-01-24 16:00:00-05:00,0.0
2021-01-24 17:00:00-05:00,0.0
2021-01-24 18:00:00-05:00,0.0
2021-01-24 19:00:00-05:00,0.0
2021-01-24 20:00:00-05:00,0.0
2021-01-24 21:00:00-05:00,0.0
2021-01-24 22:00:00-05:00,0.0
2021-01-24 23:00:00-05:00,0.0
2021-01-25 00:00:00-05:00,0.0
2021-01-25 01:00:00-05:00,0.0
2021-01-25 02:00:00-05:00,15.78
2021-01-25 03:00:00-05:00,143.71
2021-01-25 04:00:00-05:00,292.13
2021-01-25 05:00:00-05:00,396.52
2021-01-25 06:00:00-05:00,440.36
2021-01-25 07:00:00-05:00,454.96
2021-01-25 08:00:00-05:00,399.63
2021-01-25 09:00:00-05:00,316.29
2021-01-25 10:00:00-05:00,165.56
2021-01-25 11:00:00-05:00,33.52
2021-01-25 12:00:00-05:00,0.0
2021-01-25 13:00:00-05:00,0.0
2021-01-25 14:00:00-05:00,0.0
2021-01-25 15:00:00-05:00,0.0
2021-01-25 16:00:00-05:00,0.0
2021-01-25 17:00:00-05:00,0.0
2021-01-25 18:00:00-05:00,0.0
2021-01-25 19:00:00-05:00,0.0
2021-01-25 20:00:00-05:00,0.0
2021-01-25 21:00:00-05:00,0.0
2021-01-25 22:00:00-05:00,0.0
2021-01-25 23:00:00-05:00,0.0
2021-01-26 00:00:00-05:00,0.0
2021-01-26 01:00:00-05:00,0.0
2021-01-26 02:00:00-05:00,14.06
2021-01-26 03:00:00-05:00,111.52
2021-01-26 04:00:00-05:00,256.57
2021-01-26 05:00:00-05:00,377.83
2021-01-26 06:00:00-05:00,462.16
2021-01-26 07:00:00-05:00,465.83
2021-01-26 08:00:00-05:00,349.17
2021-01-26 09:00:00-05:00,253.5
2021-01-26 10:00:00-05:00,123.7
2021-01-26 11:00:00-05:00,21.59
2021-01-26 12:00:00-05:00,0.0
2021-01-26 13:00:00-05:00,0.0
2021-01-26 14:00:00-05:00,0.0
2021-01-26 15:00:00-05:00,0.0
2021-01-26 16:00:00-05:00,0.0
2021-01-26 17:00:00-05:00,0.0
2021-01-26 18:00:00-05:00,0.0
2021-01-26 19:00:00-05:00,0.0
2021-01-26 20:00:00-05:00,0.0
2021-01-26 21:00:00-05:00,0.0
2021-01-26 22:00:00-05:00,0.0
2021-01-26 23:00:00-05:00,0.0
2021-01-27 00:00:00-05:00,0.0
2021-01-27 01:00:00-05:00,0.0
2021-01-27 02:00:00-05:00,13.03
2021-01-27 03:00:00-05:00,62.79
2021-01-27 04:00:00-05:00,140.73
2021-01-27 05:00:00-05:00,223.45
2021-01-27 06:00:00-05:00,239.38
2021-01-27 07:00:00-05:00,251.47
2021-01-27 08:00:00-05:00,173.41
2021-01-27 09:00:00-05:00,132.2
2021-01-27 10:00:00-05:00,98.0
2021-01-27 11:00:00-05:00,24.43
2021-01-27 12:00:00-05:00,0.0
2021-01-27 13:00:00-05:00,0.0
2021-01-27 14:00:00-05:00,0.0
2021-01-27 15:00:00-05:00,0.0
2021-01-27 16:00:00-05:00,0.0
2021-01-27 17:00:00-05:00,0.0
2021-01-27 18:00:00-05:00,0.0
2021-01-27 19:00:00-05:00,0.0
2021-01-27 20:00:00-05:00,0.0
2021-01-27 21:00:00-05:00,0.0
2021-01-27 22:00:00-05:00,0.0
2021-01-27 23:00:00-05:00,0.0
2021-01-28 00:00:00-05:00,0.0
2021-01-28 01:00:00-05:00,0.0
2021-01-28 02:00:00-05:00,15.97
2021-01-28 03:00:00-05:00,49.73
2021-01-28 04:00:00-05:00,144.72
2021-01-28 05:00:00-05:00,228.79
2021-01-28 06:00:00-05:00,255.08
2021-01-28 07:00:00-05:00,267.6
2021-01-28 08:00:00-05:00,216.03
2021-01-28 09:00:00-05:00,154.23
2021-01-28 10:00:00-05:00,114.16
2021-01-28 11:00:00-05:00,25.99
2021-01-28 12:00:00-05:00,0.0
2021-01-28 13:00:00-05:00,0.0
2021-01-28 14:00:00-05:00,0.0
2021-01-28 15:00:00-05:00,0.0
2021-01-28 16:00:00-05:00,0.0
2021-01-28 17:00:00-05:00,0.0
2021-01-28 18:00:00-05:00,0.0
2021-01-28 19:00:00-05:00,0.0
2021-01-28 20:00:00-05:00,0.0
2021-01-28 21:00:00-05:00,0.0
2021-01-28 22:00:00-05:00,0.0
2021-01-28 23:00:00-05:00,0.0
2021-01-29 00:00:00-05:00,0.0
2021-01-29 01:00:00-05:00,0.0
2021-01-29 02:00:00-05:00,17.66
2021-01-29 03:00:00-05:00,135.73
2021-01-29 04:00:00-05:00,249.32
2021-01-29 05:00:00-05:00,291.59
2021-01-29 06:00:00-05:00,312.95
2021-01-29 07:00:00-05:00,323.45
2021-01-29 08:00:00-05:00,306.88
2021-01-29 09:00:00-05:00,237.63
2021-01-29 10:00:00-05:00,163.64
2021-01-29 11:00:00-05:00,38.59
2021-01-29 12:00:00-05:00,0.0
2021-01-29 13:00:00-05:00,0.0
2021-01-29 14:00:00-05:00,0.0
2021-01-29 15:00:00-05:00,0.0
2021-01-29 16:00:00-05:00,0.0
2021-01-29 17:00:00-05:00,0.0
2021-01-29 18:00:00-05:00,0.0
2021-01-29 19:00:00-05:00,0.0
2021-01-29 20:00:00-05:00,0.0
2021-01-29 21:00:00-05:00,0.0
2021-01-29 22:00:00-05:00,0.0
2021-01-29 23:00:00-05:00,0.0
2021-01-30 00:00:00-05:00,0.0
2021-01-30 01:00:00-05:00,0.0
2021-01-30 02:00:00-05:00,22.81
2021-01-30 03:00:00-05:00,86.65
2021-01-30 04:00:00-05:00,189.36
2021-01-30 05:00:00-05:00,244.7
2021-01-30 06:00:00-05:00,317.53
2021-01-30 07:00:00-05:00,288.39
2021-01-30 08:00:00-05:00,281.7
2021-01-30 09:00:00-05:00,223.62
2021-01-30 10:00:00-05:00,162.62
2021-01-30 11:00:00-05:00,45.14
2021-01-30 12:00:00-05:00,0.0
2021-01-30 13:00:00-05:00,0.0
2021-01-30 14:00:00-05:00,0.0
2021-01-30 15:00:00-05:00,0.0
2021-01-30 16:00:00-05:00,0.0
2021-01-30 17:00:00-05:00,0.0
2021-01-30 18:00:00-05:00,0.0
2021-01-30 19:00:00-05:00,0.0
2021-01-30 20:00:00-05:00,0.0
2021-01-30 21:00:00-05:00,0.0
2021-01-30 22:00:00-05:00,0.0
2021-01-30 23:00:00-05:00,0.0
2021-01-31 00:00:00-05:00,0.0
2021-01-31 01:00:00-05:00,0.0
2021-01-31 02:00:00-05:00,21.43
2021-01-31 03:00:00-05:00,164.57
2021-01-31 04:00:00-05:00,309.25
2021-01-31 05:00:00-05:00,405.89
2021-01-31 06:00:00-05:00,469.1
2021-01-31 07:00:00-05:00,496.46
2021-01-31 08:00:00-05:00,455.02
2021-01-31 09:00:00-05:00,345.55
2021-01-31 10:00:00-05:00,209.86
2021-01-31 11:00:00-05:00,49.86
2021-01-31 12:00:00-05:00,0.0
2021-01-31 13:00:00-05:00,0.0
2021-01-31 14:00:00-05:00,0.0
2021-01-31 15:00:00-05:00,0.0
2021-01-31 16:00:00-05:00,0.0
2021-01-31 17:00:00-05:00,0.0
2021-01-31 18:00:00-05:00,0.0
2021-01-31 19:00:00-05:00,0.0
2021-01-31 20:00:00-05:00,0.0
2021-01-31 21:00:00-05:00,0.0
2021-01-31 22:00:00-05:00,0.0
2021-01-31 23:00:00-05:00,0.0
2021-02-01 00:00:00-05:00,0.0
2021-02-01 01:00:00-05:00,0.0
2021-02-01 02:00:00-05:00,25.0
2021-02-01 03:00:00-05:00,164.02
2021-02-01 04:00:00-05:00,275.15
2021-02-01 05:00:00-05:00,430.73
2021-02-01 06:00:00-05:00,492.8
2021-02-01 07:00:00-05:00,482.89
2021-02-01 08:00:00-05:00,440.36
2021-02-01 09:00:00-05:00,349.45
2021-02-01 10:00:00-05:00,205.95
2021-02-01 11:00:00-05:00,43.96
2021-02-01 12:00:00-05:00,0.0
2021-02-01 13:00:00-05:00,0.0
2021-02-01 14:00:00-05:00,0.0
2021-02-01 15:00:00-05:00,0.0
2021-02-01 16:00:00-05:00,0.0
2021-02-01 17:00:00-05:00,0.0
2021-02-01 18:00:00-05:00,0.0
2021-02-01 19:00:00-05:00,0.0
2021-02-01 20:00:00-05:00,0.0
2021-02-01 21:00:00-05:00,0.0
2021-02-01 22:00:00-05:00,0.0
2021-02-01 23:00:00-05:00,0.0
2021-02-02 00:00:00-05:00,0.0
2021-02-02 01:00:00-05:00,0.0
2021-02-02 02:00:00-05:00,16.88
2021-02-02 03:00:00-05:00,56.76
2021-02-02 04:00:00-05:00,69.79
2021-02-02 05:00:00-05:00,137.65
2021-02-02 06:00:00-05:00,131.58
2021-02-02 07:00:00-05:00,240.53
2021-02-02 08:00:00-05:00,162.34
2021-02-02 09:00:00-05:00,157.61
2021-02-02 10:00:00-05:00,104.2
2021-02-02 11:00:00-05:00,18.31
2021-02-02 12:00:00-05:00,0.0
2021-02-02 13:00:00-05:00,0.0
2021-02-02 14:00:00-05:00,0.0
2021-02-02 15:00:00-05:00,0.0
2021-02-02 16:00:00-05:00,0.0
2021-02-02 17:00:00-05:00,0.0
2021-02-02 18:00:00-05:00,0.0
2021-02-02 19:00:00-05:00,0.0
2021-02-02 20:00:00-05:00,0.0
2021-02-02 21:00:00-05:00,0.0
2021-02-02 22:00:00-05:00,0.0
2021-02-02 23:00:00-05:00,0.0
2021-02-03 00:00:00-05:00,0.0
2021-02-03 01:00:00-05:00,0.0
2021-02-03 02:00:00-05:00,23.55
2021-02-03 03:00:00-05:00,91.2
2021-02-03 04:00:00-05:00,166.3
2021-02-03 05:00:00-05:00,208.8
2021-02-03 06:00:00-05:00,224.87
2021-02-03 07:00:00-05:00,233.4
2021-02-03 08:00:00-05:00,226.21
2021-02-03 09:00:00-05:00,152.21
2021-02-03 10:00:00-05:00,81.02
2021-02-03 11:00:00-05:00,27.99
2021-02-03 12:00:00-05:00,0.0
2021-02-03 13:00:00-05:00,0.0
2021-02-03 14:00:00-05:00,0.0
2021-02-03 15:00:00-05:00,0.0
2021-02-03 16:00:00-05:00,0.0
2021-02-03 17:00:00-05:00,0.0
2021-02-03 18:00:00-05:00,0.0
2021-02-03 19:00:00-05:00,0.0
2021-02-03 20:00:00-05:00,0.0
2021-02-03 21:00:00-05:00,0.0
2021-02-03 22:00:00-05:00,0.0
2021-02-03 23:00:00-05:00,0.0
2021-02-04 00:00:00-05:00,0.0
2021-02-04 01:00:00-05:00,0.0
2021-02-04 02:00:00-05:00,21.16
2021-02-04 03:00:00-05:00,111.72
2021-02-04 04:00:00-05:00,301.04
2021-02-04 05:00:00-05:00,355.34
2021-02-04 06:00:00-05:00,478.41
2021-02-04 07:00:00-05:00,456.29
2021-02-04 08:00:00-05:00,454.31
2021-02-04 09:00:00-05:00,365.46
2021-02-04 10:00:00-05:00,219.29
2021-02-04 11:00:00-05:00,63.66
2021-02-04 12:00:00-05:00,0.0
2021-02-04 13:00:00-05:00,0.0
2021-02-04 14:00:00-05:00,0.0
2021-02-04 15:00:00-05:00,0.0
2021-02-04 16:00:00-05:00,0.0
2021-02-04 17:00:00-05:00,0.0
2021-02-04 18:00:00-05:00,0.0
2021-02-04 19:00:00-05:00,0.0
2021-02-04 20:00:00-05:00,0.0
2021-02-04 21:00:00-05:00,0.0
2021-02-04 22:00:00-05:00,0.0
2021-02-04 23:00:00-05:00,0.0
2021-02-05 00:00:00-05:00,0.0
2021-02-05 01:00:00-05:00,0.0
2021-02-05 02:00:00-05:00,18.38
2021-02-05 03:00:00-05:00,37.15
2021-02-05 04:00:00-05:00,100.77
2021-02-05 05:00:00-05:00,91.47
2021-02-05 06:00:00-05:00,75.55
2021-02-05 07:00:00-05:00,135.13
2021-02-05 08:00:00-05:00,166.95
2021-02-05 09:00:00-05:00,79.64
2021-02-05 10:00:00-05:00,109.22
2021-02-05 11:00:00-05:00,45.39
2021-02-05 12:00:00-05:00,0.0
2021-02-05 13:00:00-05:00,0.0
2021-02-05 14:00:00-05:00,0.0
2021-02-05 15:00:00-05:00,0.0
2021-02-05 16:00:00-05:00,0.0
2021-02-05 17:00:00-05:00,0.0
2021-02-05 18:00:00-05:00,0.0
2021-02-05 19:00:00-05:00,0.0
2021-02-05 20:00:00-05:00,0.0
2021-02-05 21:00:00-05:00,0.0
2021-02-05 22:00:00-05:00,0.0
2021-02-05 23:00:00-05:00,0.0
2021-02-06 00:00:00-05:00,0.0
2021-02-06 01:00:00-05:00,0.0
2021-02-06 02:00:00-05:00,27.49
2021-02-06 03:00:00-05:00,123.77
2021-02-06 04:00:00-05:00,218.02
2021-02-06 05:00:00-05:00,290.94
2021-02-06 06:00:00-05:00,382.25
2021-02-06 07:00:00-05:00,355.38
2021-02-06 08:00:00-05:00,300.53
2021-02-06 09:00:00-05:00,243.93
2021-02-06 10:00:00-05:00,164.68
2021-02-06 11:00:00-05:00,52.37
2021-02-06 12:00:00-05:00,0.0
2021-02-06 13:00:00-05:00,0.0
2021-02-06 14:00:00-05:00,0.0
2021-02-06 15:00:00-05:00,0.0
2021-02-06 16:00:00-05:00,0.0
2021-02-06 17:00:00-05:00,0.0
2021-02-06 18:00:00-05:00,0.0
2021-02-06 19:00:00-05:00,0.0
2021-02-06 20:00:00-05:00,0.0
2021-02-06 21:00:00-05:00,0.0
2021-02-06 22:00:00-05:00,0.0
2021-02-06 23:00:00-05:00,0.0
2021-02-07 00:00:00-05:00,0.0
2021-02-07 01:00:00-05:00,0.0
2021-02-07 02:00:00-05:00,26.2
2021-02-07 03:00:00-05:00,85.8
2021-02-07 04:00:00-05:00,222.44
2021-02-07 05:00:00-05:00,239.68
2021-02-07 06:00:00-05:00,211.5
2021-02-07 07:00:00-05:00,257.58
2021-02-07 08:00:00-05:00,240.02
2021-02-07 09:00:00-05:00,181.25
2021-02-07 10:00:00-05:00,71.34
2021-02-07 11:00:00-05:00,32.43
2021-02-07 12:00:00-05:00,0.0
2021-02-07 13:00:00-05:00,0.0
2021-02-07 14:00:00-05:00,0.0
2021-02-07 15:00:00-05:00,0.0
2021-02-07 16:00:00-05:00,0.0
2021-02-07 17:00:00-05:00,0.0
2021-02-07 18:00:00-05:00,0.0
2021-02-07 19:00:00-05:00,0.0
2021-02-07 20:00:00-05:00,0.0
2021-02-07 21:00:00-05:00,0.0
2021-02-07 22:00:00-05:00,0.0
2021-02-07 23:00:00-05:00,0.0
2021-02-08 00:00:00-05:00,0.0
2021-02-08 01:00:00-05:00,0.0
2021-02-08 02:00:00-05:00,42.39
2021-02-08 03:00:00-05:00,200.0
2021-02-08 04:00:00-05:00,316.47
2021-02-08 05:00:00-05:00,469.72
2021-02-08 06:00:00-05:00,492.65
2021-02-08 07:00:00-05:00,514.18
2021-02-08 08:00:00-05:00,466.43
2021-02-08 09:00:00-05:00,388.52
2021-02-08 10:00:00-05:00,246.84
2021-02-08 11:00:00-05:00,82.4
2021-02-08 12:00:00-05:00,0.0
2021-02-08 13:00:00-05:00,0.0
2021-02-08 14:00:00-05:00,0.0
2021-02-08 15:00:00-05:00,0.0
2021-02-08 16:00:00-05:00,0.0
2021-02-08 17:00:00-05:00,0.0
2021-02-08 18:00:00-05:00,0.0
2021-02-08 19:00:00-05:00,0.0
2021-02-08 20:00:00-05:00,0.0
2021-02-08 21:00:00-05:00,0.0
2021-02-08 22:00:00-05:00,0.0
2021-02-08 23:00:00-05:00,0.0
2021-02-09 00:00:00-05:00,0.0
2021-02-09 01:00:00-05:00,0.0
2021-02-09 02:00:00-05:00,30.1
2021-02-09 03:00:00-05:00,133.09
2021-02-09 04:00:00-05:00,223.13
2021-02-09 05:00:00-05:00,301.84
2021-02-09 06:00:00-05:00,294.38
2021-02-09 07:00:00-05:00,364.36
2021-02-09 08:00:00-05:00,458.68
2021-02-09 09:00:00-05:00,348.91
2021-02-09 10:00:00-05:00,179.1
2021-02-09 11:00:00-05:00,49.77
2021-02-09 12:00:00-05:00,0.0
2021-02-09 13:00:00-05:00,0.0
2021-02-09 14:00:00-05:00,0.0
2021-02-09 15:00:00-05:00,0.0
2021-02-09 16:00:00-05:00,0.0
2021-02-09 17:00:00-05:00,0.0
2021-02-09 18:00:00-05:00,0.0
2021-02-09 19:00:00-05:00,0.0
2021-02-09 20:00:00-05:00,0.0
2021-02-09 21:00:00-05:00,0.0
2021-02-09 22:00:00-05:00,0.0
2021-02-09 23:00:00-05:00,0.0
2021-02-10 00:00:00-05:00,0.0
2021-02-10 01:00:00-05:00,0.0
2021-02-10 02:00:00-05:00,41.09
2021-02-10 03:00:00-05:00,177.3
2021-02-10 04:00:00-05:00,304.38
2021-02-10 05:00:00-05:00,398.79
2021-02-10 06:00:00-05:00,474.33
2021-02-10 07:00:00-05:00,501.94
2021-02-10 08:00:00-05:00,457.91
2021-02-10 09:00:00-05:00,387.24
2021-02-10 10:00:00-05:00,239.36
2021-02-10 11:00:00-05:00,93.08
2021-02-10 12:00:00-05:00,0.0
2021-02-10 13:00:00-05:00,0.0
2021-02-10 14:00:00-05:00,0.0
2021-02-10 15:00:00-05:00,0.0
2021-02-10 16:00:00-05:00,0.0
2021-02-10 17:00:00-05:00,0.0
2021-02-10 18:00:00-05:00,0.0
2021-02-10 19:00:00-05:00,0.0
2021-02-10 20:00:00-05:00,0.0
2021-02-10 21:00:00-05:00,0.0
2021-02-10 22:00:00-05:00,0.0
2021-02-10 23:00:00-05:00,0.0
2021-02-11 00:00:00-05:00,0.0
2021-02-11 01:00:00-05:00,0.0
2021-02-11 02:00:00-05:00,47.02
2021-02-11 03:00:00-05:00,199.09
2021-02-11 04:00:00-05:00,369.53
2021-02-11 05:00:00-05:00,457.16
2021-02-11 06:00:00-05:00,539.81
2021-02-11 07:00:00-05:00,535.45
2021-02-11 08:00:00-05:00,494.8
2021-02-11 09:00:00-05:00,405.86
2021-02-11 10:00:00-05:00,263.99
2021-02-11 11:00:00-05:00,100.27
2021-02-11 12:00:00-05:00,0.0
2021-02-11 13:00:00-05:00,0.0
2021-02-11 14:00:00-05:00,0.0
2021-02-11 15:00:00-05:00,0.0
2021-02-11 16:00:00-05:00,0.0
2021-02-11 17:00:00-05:00,0.0
2021-02-11 18:00:00-05:00,0.0
2021-02-11 19:00:00-05:00,0.0
2021-02-11 20:00:00-05:00,0.0
2021-02-11 21:00:00-05:00,0.0
2021-02-11 22:00:00-05:00,0.0
2021-02-11 23:00:00-05:00,0.0
2021-02-12 00:00:00-05:00,0.0
2021-02-12 01:00:00-05:00,0.0
2021-02-12 02:00:00-05:00,44.92
2021-02-12 03:00:00-05:00,198.86
2021-02-12 04:00:00-05:00,350.76
2021-02-12 05:00:00-05:00,437.15
2021-02-12 06:00:00-05:00,493.88
2021-02-12 07:00:00-05:00,506.22
2021-02-12 08:00:00-05:00,483.02
2021-02-12 09:00:00-05:00,366.38
2021-02-12 10:00:00-05:00,251.61
2021-02-12 11:00:00-05:00,93.41
2021-02-12 12:00:00-05:00,0.0
2021-02-12 13:00:00-05:00,0.0
2021-02-12 14:00:00-05:00,0.0
2021-02-12 15:00:00-05:00,0.0
2021-02-12 16:00:00-05:00,0.0
2021-02-12 17:00:00-05:00,0.0
2021-02-12 18:00:00-05:00,0.0
2021-02-12 19:00:00-05:00,0.0
2021-02-12 20:00:00-05:00,0.0
2021-02-12 21:00:00-05:00,0.0
2021-02-12 22:00:00-05:00,0.0
2021-02-12 23:00:00-05:00,0.0
2021-02-13 00:00:00-05:00,0.0
2021-02-13 01:00:00-05:00,0.0
2021-02-13 02:00:00-05:00,47.8
2021-02-13 03:00:00-05:00,212.96
2021-02-13 04:00:00-05:00,387.02
2021-02-13 05:00:00-05:00,463.82
2021-02-13 06:00:00-05:00,452.73
2021-02-13 07:00:00-05:00,479.18
2021-02-13 08:00:00-05:00,445.73
2021-02-13 09:00:00-05:00,355.97
2021-02-13 10:00:00-05:00,197.78
2021-02-13 11:00:00-05:00,73.7
2021-02-13 12:00:00-05:00,0.0
2021-02-13 13:00:00-05:00,0.0
2021-02-13 14:00:00-05:00,0.0
2021-02-13 15:00:00-05:00,0.0
2021-02-13 16:00:00-05:00,0.0
2021-02-13 17:00:00-05:00,0.0
2021-02-13 18:00:00-05:00,0.0
2021-02-13 19:00:00-05:00,0.0
2021-02-13 20:00:00-05:00,0.0
2021-02-13 21:00:00-05:00,0.0
2021-02-13 22:00:00-05:00,0.0
2021-02-13 23:00:00-05:00,0.0
2021-02-14 00:00:00-05:00,0.0
2021-02-14 01:00:00-05:00,0.0
2021-02-14 02:00:00-05:00,46.03
2021-02-14 03:00:00-05:00,73.31
2021-02-14 04:00:00-05:00,161.95
2021-02-14 05:00:00-05:00,246.88
2021-02-14 06:00:00-05:00,279.57
2021-02-14 07:00:00-05:00,369.09
2021-02-14 08:00:00-05:00,368.9
2021-02-14 09:00:00-05:00,340.66
2021-02-14 10:00:00-05:00,237.86
2021-02-14 11:00:00-05:00,98.78
2021-02-14 12:00:00-05:00,0.0
2021-02-14 13:00:00-05:00,0.0
2021-02-14 14:00:00-05:00,0.0
2021-02-14 15:00:00-05:00,0.0
2021-02-14 16:00:00-05:00,0.0
2021-02-14 17:00:00-05:00,0.0
2021-02-14 18:00:00-05:00,0.0
2021-02-14 19:00:00-05:00,0.0
2021-02-14 20:00:00-05:00,0.0
2021-02-14 21:00:00-05:00,0.0
2021-02-14 22:00:00-05:00,0.0
2021-02-14 23:00:00-05:00,0.0
2021-02-15 00:00:00-05:00,0.0
2021-02-15 01:00:00-05:00,0.0
2021-02-15 02:00:00-05:00,37.96
2021-02-15 03:00:00-05:00,92.24
2021-02-15 04:00:00-05:00,189.11
2021-02-15 05:00:00-05:00,247.59
2021-02-15 06:00:00-05:00,255.54
2021-02-15 07:00:00-05:00,363.84
2021-02-15 08:00:00-05:00,287.19
2021-02-15 09:00:00-05:00,158.83
2021-02-15 10:00:00-05:00,126.44
2021-02-15 11:00:00-05:00,70.53
2021-02-15 12:00:00-05:00,0.0
2021-02-15 13:00:00-05:00,0.0
2021-02-15 14:00:00-05:00,0.0
2021-02-15 15:00:00-05:00,0.0
2021-02-15 16:00:00-05:00,0.0
2021-02-15 17:00:00-05:00,0.0
2021-02-15 18:00:00-05:00,0.0
2021-02-15 19:00:00-05:00,0.0
2021-02-15 20:00:00-05:00,0.0
2021-02-15 21:00:00-05:00,0.0
2021-02-15 22:00:00-05:00,0.0
2021-02-15 23:00:00-05:00,0.0
2021-02-16 00:00:00-05:00,0.0
2021-02-16 01:00:00-05:00,0.0
2021-02-16 02:00:00-05:00,35.55
2021-02-16 03:00:00-05:00,71.98
2021-02-16 04:00:00-05:00,130.58
2021-02-16 05:00:00-05:00,167.87
2021-02-16 06:00:00-05:00,161.15
2021-02-16 07:00:00-05:00,255.0
2021-02-16 08:00:00-05:00,159.6
2021-02-16 09:00:00-05:00,121.71
2021-02-16 10:00:00-05:00,68.62
2021-02-16 11:00:00-05:00,50.48
2021-02-16 12:00:00-05:00,0.0
2021-02-16 13:00:00-05:00,0.0
2021-02-16 14:00:00-05:00,0.0
2021-02-16 15:00:00-05:00,0.0
2021-02-16 16:00:00-05:00,0.0
2021-02-16 17:00:00-05:00,0.0
2021-02-16 18:00:00-05:00,0.0
2021-02-16 19:00:00-05:00,0.0
2021-02-16 20:00:00-05:00,0.0
2021-02-16 21:00:00-05:00,0.0
2021-02-16 22:00:00-05:00,0.0
2021-02-16 23:00:00-05:00,0.0
2021-02-17 00:00:00-05:00,0.0
2021-02-17 01:00:00-05:00,0.0
2021-02-17 02:00:00-05:00,77.55
2021-02-17 03:00:00-05:00,254.84
2021-02-17 04:00:00-05:00,388.73
2021-02-17 05:00:00-05:00,535.47
2021-02-17 06:00:00-05:00,543.41
2021-02-17 07:00:00-05:00,594.25
2021-02-17 08:00:00-05:00,503.59
2021-02-17 09:00:00-05:00,454.07
2021-02-17 10:00:00-05:00,300.79
2021-02-17 11:00:00-05:00,121.64
2021-02-17 12:00:00-05:00,0.0
2021-02-17 13:00:00-05:00,0.0
2021-02-17 14:00:00-05:00,0.0
2021-02-17 15:00:00-05:00,0.0
2021-02-17 16:00:00-05:00,0.0
2021-02-17 17:00:00-05:00,0.0
2021-02-17 18:00:00-05:00,0.0
2021-02-17 19:00:00-05:00,0.0
2021-02-17 20:00:00-05:00,0.0
2021-02-17 21:00:00-05:00,0.0
2021-02-17 22:00:00-05:00,0.0
2021-02-17 23:00:00-05:00,0.0
2021-02-18 00:00:00-05:00,0.0
2021-02-18 01:00:00-05:00,0.0
2021-02-18 02:00:00-05:00,68.59
2021-02-18 03:00:00-05:00,233.95
2021-02-18 04:00:00-05:00,396.2
2021-02-18 05:00:00-05:00,439.84
2021-02-18 06:00:00-05:00,431.98
2021-02-18 07:00:00-05:00,437.41
2021-02-18 08:00:00-05:00,472.52
2021-02-18 09:00:00-05:00,277.09
2021-02-18 10:00:00-05:00,182.59
2021-02-18 11:00:00-05:00,64.71
2021-02-18 12:00:00-05:00,7.66
2021-02-18 13:00:00-05:00,0.0
2021-02-18 14:00:00-05:00,0.0
2021-02-18 15:00:00-05:00,0.0
2021-02-18 16:00:00-05:00,0.0
2021-02-18 17:00:00-05:00,0.0
2021-02-18 18:00:00-05:00,0.0
2021-02-18 19:00:00-05:00,0.0
2021-02-18 20:00:00-05:00,0.0
2021-02-18 21:00:00-05:00,0.0
2021-02-18 22:00:00-05:00,0.0
2021-02-18 23:00:00-05:00,0.0
2021-02-19 00:00:00-05:00,0.0
2021-02-19 01:00:00-05:00,0.0
2021-02-19 02:00:00-05:00,62.3
2021-02-19 03:00:00-05:00,157.16
2021-02-19 04:00:00-05:00,272.7
2021-02-19 05:00:00-05:00,355.79
2021-02-19 06:00:00-05:00,377.69
2021-02-19 07:00:00-05:00,323.72
2021-02-19 08:00:00-05:00,291.88
2021-02-19 09:00:00-05:00,233.7
2021-02-19 10:00:00-05:00,162.7
2021-02-19 11:00:00-05:00,69.56
2021-02-19 12:00:00-05:00,7.62
2021-02-19 13:00:00-05:00,0.0
2021-02-19 14:00:00-05:00,0.0
2021-02-19 15:00:00-05:00,0.0
2021-02-19 16:00:00-05:00,0.0
2021-02-19 17:00:00-05:00,0.0
2021-02-19 18:00:00-05:00,0.0
2021-02-19 19:00:00-05:00,0.0
2021-02-19 20:00:00-05:00,0.0
2021-02-19 21:00:00-05:00,0.0
2021-02-19 22:00:00-05:00,0.0
2021-02-19 23:00:00-05:00,0.0
2021-02-20 00:00:00-05:00,0.0
2021-02-20 01:00:00-05:00,0.0
2021-02-20 02:00:00-05:00,67.85
2021-02-20 03:00:00-05:00,186.69
2021-02-20 04:00:00-05:00,299.57
2021-02-20 05:00:00-05:00,351.09
2021-02-20 06:00:00-05:00,383.75
2021-02-20 07:00:00-05:00,462.24
2021-02-20 08:00:00-05:00,414.7
2021-02-20 09:00:00-05:00,380.6
2021-02-20 10:00:00-05:00,235.94
2021-02-20 11:00:00-05:00,89.01
2021-02-20 12:00:00-05:00,8.14
2021-02-20 13:00:00-05:00,0.0
2021-02-20 14:00:00-05:00,0.0
2021-02-20 15:00:00-05:00,0.0
2021-02-20 16:00:00-05:00,0.0
2021-02-20 17:00:00-05:00,0.0
2021-02-20 18:00:00-05:00,0.0
2021-02-20 19:00:00-05:00,0.0
2021-02-20 20:00:00-05:00,0.0
2021-02-20 21:00:00-05:00,0.0
2021-02-20 22:00:00-05:00,0.0
2021-02-20 23:00:00-05:00,0.0
2021-02-21 00:00:00-05:00,0.0
2021-02-21 01:00:00-05:00,0.0
2021-02-21 02:00:00-05:00,88.49
2021-02-21 03:00:00-05:00,265.23
2021-02-21 04:00:00-05:00,437.6
2021-02-21 05:00:00-05:00,554.27
2021-02-21 06:00:00-05:00,588.97
2021-02-21 07:00:00-05:00,598.55
2021-02-21 08:00:00-05:00,557.46
2021-02-21 09:00:00-05:00,465.86
2021-02-21 10:00:00-05:00,320.12
2021-02-21 11:00:00-05:00,131.66
2021-02-21 12:00:00-05:00,10.72
2021-02-21 13:00:00-05:00,0.0
2021-02-21 14:00:00-05:00,0.0
2021-02-21 15:00:00-05:00,0.0
2021-02-21 16:00:00-05:00,0.0
2021-02-21 17:00:00-05:00,0.0
2021-02-21 18:00:00-05:00,0.0
2021-02-21 19:00:00-05:00,0.0
2021-02-21 20:00:00-05:00,0.0
2021-02-21 21:00:00-05:00,0.0
2021-02-21 22:00:00-05:00,0.0
2021-02-21 23:00:00-05:00,0.0
2021-02-22 00:00:00-05:00,0.0
2021-02-22 01:00:00-05:00,0.0
2021-02-22 02:00:00-05:00,28.27
2021-02-22 03:00:00-05:00,74.97
2021-02-22 04:00:00-05:00,149.45
2021-02-22 05:00:00-05:00,216.32
2021-02-22 06:00:00-05:00,128.69
2021-02-22 07:00:00-05:00,265.84
2021-02-22 08:00:00-05:00,163.6
2021-02-22 09:00:00-05:00,150.16
2021-02-22 10:00:00-05:00,95.59
2021-02-22 11:00:00-05:00,30.35
2021-02-22 12:00:00-05:00,7.16
2021-02-22 13:00:00-05:00,0.0
2021-02-22 14:00:00-05:00,0.0
2021-02-22 15:00:00-05:00,0.0
2021-02-22 16:00:00-05:00,0.0
2021-02-22 17:00:00-05:00,0.0
2021-02-22 18:00:00-05:00,0.0
2021-02-22 19:00:00-05:00,0.0
2021-02-22 20:00:00-05:00,0.0
2021-02-22 21:00:00-05:00,0.0
2021-02-22 22:00:00-05:00,0.0
2021-02-22 23:00:00-05:00,0.0
2021-02-23 00:00:00-05:00,0.0
2021-02-23 01:00:00-05:00,0.0
2021-02-23 02:00:00-05:00,43.05
2021-02-23 03:00:00-05:00,85.28
2021-02-23 04:00:00-05:00,136.52
2021-02-23 05:00:00-05:00,171.45
2021-02-23 06:00:00-05:00,170.31
2021-02-23 07:00:00-05:00,170.78
2021-02-23 08:00:00-05:00,144.94
2021-02-23 09:00:00-05:00,144.09
2021-02-23 10:00:00-05:00,107.46
2021-02-23 11:00:00-05:00,34.62
2021-02-23 12:00:00-05:00,7.84
2021-02-23 13:00:00-05:00,0.0
2021-02-23 14:00:00-05:00,0.0
2021-02-23 15:00:00-05:00,0.0
2021-02-23 16:00:00-05:00,0.0
2021-02-23 17:00:00-05:00,0.0
2021-02-23 18:00:00-05:00,0.0
2021-02-23 19:00:00-05:00,0.0
2021-02-23 20:00:00-05:00,0.0
2021-02-23 21:00:00-05:00,0.0
2021-02-23 22:00:00-05:00,0.0
2021-02-23 23:00:00-05:00,0.0
2021-02-24 00:00:00-05:00,0.0
2021-02-24 01:00:00-05:00,0.0
2021-02-24 02:00:00-05:00,67.98
2021-02-24 03:00:00-05:00,150.52
2021-02-24 04:00:00-05:00,244.45
2021-02-24 05:00:00-05:00,292.34
2021-02-24 06:00:00-05:00,281.38
2021-02-24 07:00:00-05:00,257.2
2021-02-24 08:00:00-05:00,199.54
2021-02-24 09:00:00-05:00,133.35
2021-02-24 10:00:00-05:00,95.1
2021-02-24 11:00:00-05:00,24.71
2021-02-24 12:00:00-05:00,6.88
2021-02-24 13:00:00-05:00,0.0
2021-02-24 14:00:00-05:00,0.0
2021-02-24 15:00:00-05:00,0.0
2021-02-24 16:00:00-05:00,0.0
2021-02-24 17:00:00-05:00,0.0
2021-02-24 18:00:00-05:00,0.0
2021-02-24 19:00:00-05:00,0.0
2021-02-24 20:00:00-05:00,0.0
2021-02-24 21:00:00-05:00,0.0
2021-02-24 22:00:00-05:00,0.0
2021-02-24 23:00:00-05:00,0.0
2021-02-25 00:00:00-05:00,0.0
2021-02-25 01:00:00-05:00,0.0
2021-02-25 02:00:00-05:00,64.66
2021-02-25 03:00:00-05:00,142.16
2021-02-25 04:00:00-05:00,339.67
2021-02-25 05:00:00-05:00,347.36
2021-02-25 06:00:00-05:00,434.11
2021-02-25 07:00:00-05:00,448.98
2021-02-25 08:00:00-05:00,493.03
2021-02-25 09:00:00-05:00,377.13
2021-02-25 10:00:00-05:00,285.56
2021-02-25 11:00:00-05:00,102.21
2021-02-25 12:00:00-05:00,14.84
2021-02-25 13:00:00-05:00,0.0
2021-02-25 14:00:00-05:00,0.0
2021-02-25 15:00:00-05:00,0.0
2021-02-25 16:00:00-05:00,0.0
2021-02-25 17:00:00-05:00,0.0
2021-02-25 18:00:00-05:00,0.0
2021-02-25 19:00:00-05:00,0.0
2021-02-25 20:00:00-05:00,0.0
2021-02-25 21:00:00-05:00,0.0
2021-02-25 22:00:00-05:00,0.0
2021-02-25 23:00:00-05:00,0.0
2021-02-26 00:00:00-05:00,0.0
2021-02-26 01:00:00-05:00,0.0
2021-02-26 02:00:00-05:00,117.07
2021-02-26 03:00:00-05:00,307.92
2021-02-26 04:00:00-05:00,471.4
2021-02-26 05:00:00-05:00,588.38
2021-02-26 06:00:00-05:00,627.97
2021-02-26 07:00:00-05:00,631.41
2021-02-26 08:00:00-05:00,571.3
2021-02-26 09:00:00-05:00,425.62
2021-02-26 10:00:00-05:00,249.39
2021-02-26 11:00:00-05:00,54.54
2021-02-26 12:00:00-05:00,13.93
2021-02-26 13:00:00-05:00,0.0
2021-02-26 14:00:00-05:00,0.0
2021-02-26 15:00:00-05:00,0.0
2021-02-26 16:00:00-05:00,0.0
2021-02-26 17:00:00-05:00,0.0
2021-02-26 18:00:00-05:00,0.0
2021-02-26 19:00:00-05:00,0.0
2021-02-26 20:00:00-05:00,0.0
2021-02-26 21:00:00-05:00,0.0
2021-02-26 22:00:00-05:00,0.0
2021-02-26 23:00:00-05:00,0.0
2021-02-27 00:00:00-05:00,0.0
2021-02-27 01:00:00-05:00,0.0
2021-02-27 02:00:00-05:00,21.3
2021-02-27 03:00:00-05:00,95.86
2021-02-27 04:00:00-05:00,187.21
2021-02-27 05:00:00-05:00,175.76
2021-02-27 06:00:00-05:00,193.7
2021-02-27 07:00:00-05:00,216.84
2021-02-27 08:00:00-05:00,85.78
2021-02-27 09:00:00-05:00,119.74
2021-02-27 10:00:00-05:00,43.56
2021-02-27 11:00:00-05:00,73.02
2021-02-27 12:00:00-05:00,8.73
2021-02-27 13:00:00-05:00,0.0
2021-02-27 14:00:00-05:00,0.0
2021-02-27 15:00:00-05:00,0.0
2021-02-27 16:00:00-05:00,0.0
2021-02-27 17:00:00-05:00,0.0
2021-02-27 18:00:00-05:00,0.0
2021-02-27 19:00:00-05:00,0.0
2021-02-27 20:00:00-05:00,0.0
2021-02-27 21:00:00-05:00,0.0
2021-02-27 22:00:00-05:00,0.0
2021-02-27 23:00:00-05:00,0.0
2021-02-28 00:00:00-05:00,0.0
2021-02-28 01:00:00-05:00,8.0
2021-02-28 02:00:00-05:00,116.7
2021-02-28 03:00:00-05:00,273.26
2021-02-28 04:00:00-05:00,416.58
2021-02-28 05:00:00-05:00,553.02
2021-02-28 06:00:00-05:00,617.86
2021-02-28 07:00:00-05:00,621.18
2021-02-28 08:00:00-05:00,576.75
2021-02-28 09:00:00-05:00,474.34
2021-02-28 10:00:00-05:00,298.3
2021-02-28 11:00:00-05:00,127.71
2021-02-28 12:00:00-05:00,14.2
2021-02-28 13:00:00-05:00,0.0
2021-02-28 14:00:00-05:00,0.0
2021-02-28 15:00:00-05:00,0.0
2021-02-28 16:00:00-05:00,0.0
2021-02-28 17:00:00-05:00,0.0
2021-02-28 18:00:00-05:00,0.0
2021-02-28 19:00:00-05:00,0.0
2021-02-28 20:00:00-05:00,0.0
2021-02-28 21:00:00-05:00,0.0
2021-02-28 22:00:00-05:00,0.0
2021-02-28 23:00:00-05:00,0.0
2021-03-01 00:00:00-05:00,0.0
2021-03-01 01:00:00-05:00,6.33
2021-03-01 02:00:00-05:00,42.01
2021-03-01 03:00:00-05:00,106.3
2021-03-01 04:00:00-05:00,157.67
2021-03-01 05:00:00-05:00,249.89
2021-03-01 06:00:00-05:00,330.23
2021-03-01 07:00:00-05:00,319.51
2021-03-01 08:00:00-05:00,371.51
2021-03-01 09:00:00-05:00,326.34
2021-03-01 10:00:00-05:00,224.48
2021-03-01 11:00:00-05:00,102.41
2021-03-01 12:00:00-05:00,18.12
2021-03-01 13:00:00-05:00,0.0
2021-03-01 14:00:00-05:00,0.0
2021-03-01 15:00:00-05:00,0.0
2021-03-01 16:00:00-05:00,0.0
2021-03-01 17:00:00-05:00,0.0
2021-03-01 18:00:00-05:00,0.0
2021-03-01 19:00:00-05:00,0.0
2021-03-01 20:00:00-05:00,0.0
2021-03-01 21:00:00-05:00,0.0
2021-03-01 22:00:00-05:00,0.0
2021-03-01 23:00:00-05:00,0.0
2021-03-02 00:00:00-05:00,0.0
2021-03-02 01:00:00-05:00,9.08
2021-03-02 02:00:00-05:00,115.48
2021-03-02 03:00:00-05:00,262.16
2021-03-02 04:00:00-05:00,465.26
2021-03-02 05:00:00-05:00,576.64
2021-03-02 06:00:00-05:00,421.12
2021-03-02 07:00:00-05:00,573.97
2021-03-02 08:00:00-05:00,639.58
2021-03-02 09:00:00-05:00,532.46
2021-03-02 10:00:00-05:00,378.13
2021-03-02 11:00:00-05:00,188.84
2021-03-02 12:00:00-05:00,21.32
2021-03-02 13:00:00-05:00,0.0
2021-03-02 14:00:00-05:00,0.0
2021-03-02 15:00:00-05:00,0.0
2021-03-02 16:00:00-05:00,0.0
2021-03-02 17:00:00-05:00,0.0
2021-03-02 18:00:00-05:00,0.0
2021-03-02 19:00:00-05:00,0.0
2021-03-02 20:00:00-05:00,0.0
2021-03-02 21:00:00-05:00,0.0
2021-03-02 22:00:00-05:00,0.0
2021-03-02 23:00:00-05:00,0.0
2021-03-03 00:00:00-05:00,0.0
2021-03-03 01:00:00-05:00,9.04
2021-03-03 02:00:00-05:00,99.55
2021-03-03 03:00:00-05:00,175.05
2021-03-03 04:00:00-05:00,361.66
2021-03-03 05:00:00-05:00,364.7
2021-03-03 06:00:00-05:00,413.98
2021-03-03 07:00:00-05:00,556.91
2021-03-03 08:00:00-05:00,501.27
2021-03-03 09:00:00-05:00,430.29
2021-03-03 10:00:00-05:00,309.83
2021-03-03 11:00:00-05:00,150.48
2021-03-03 12:00:00-05:00,22.7
2021-03-03 13:00:00-05:00,0.0
2021-03-03 14:00:00-05:00,0.0
2021-03-03 15:00:00-05:00,0.0
2021-03-03 16:00:00-05:00,0.0
2021-03-03 17:00:00-05:00,0.0
2021-03-03 18:00:00-05:00,0.0
2021-03-03 19:00:00-05:00,0.0
2021-03-03 20:00:00-05:00,0.0
2021-03-03 21:00:00-05:00,0.0
2021-03-03 22:00:00-05:00,0.0
2021-03-03 23:00:00-05:00,0.0
2021-03-04 00:00:00-05:00,0.0
2021-03-04 01:00:00-05:00,12.86
2021-03-04 02:00:00-05:00,133.28
2021-03-04 03:00:00-05:00,332.66
2021-03-04 04:00:00-05:00,499.57
2021-03-04 05:00:00-05:00,433.2
2021-03-04 06:00:00-05:00,521.95
2021-03-04 07:00:00-05:00,615.36
2021-03-04 08:00:00-05:00,590.23
2021-03-04 09:00:00-05:00,463.43
2021-03-04 10:00:00-05:00,327.82
2021-03-04 11:00:00-05:00,160.94
2021-03-04 12:00:00-05:00,22.37
2021-03-04 13:00:00-05:00,0.0
2021-03-04 14:00:00-05:00,0.0
2021-03-04 15:00:00-05:00,0.0
2021-03-04 16:00:00-05:00,0.0
2021-03-04 17:00:00-05:00,0.0
2021-03-04 18:00:00-05:00,0.0
2021-03-04 19:00:00-05:00,0.0
2021-03-04 20:00:00-05:00,0.0
2021-03-04 21:00:00-05:00,0.0
2021-03-04 22:00:00-05:00,0.0
2021-03-04 23:00:00-05:00,0.0
2021-03-05 00:00:00-05:00,0.0
2021-03-05 01:00:00-05:00,12.18
2021-03-05 02:00:00-05:00,101.76
2021-03-05 03:00:00-05:00,233.26
2021-03-05 04:00:00-05:00,372.05
2021-03-05 05:00:00-05:00,458.37
2021-03-05 06:00:00-05:00,432.62
2021-03-05 07:00:00-05:00,517.85
2021-03-05 08:00:00-05:00,467.01
2021-03-05 09:00:00-05:00,392.27
2021-03-05 10:00:00-05:00,256.84
2021-03-05 11:00:00-05:00,129.93
2021-03-05 12:00:00-05:00,24.29
2021-03-05 13:00:00-05:00,0.0
2021-03-05 14:00:00-05:00,0.0
2021-03-05 15:00:00-05:00,0.0
2021-03-05 16:00:00-05:00,0.0
2021-03-05 17:00:00-05:00,0.0
2021-03-05 18:00:00-05:00,0.0
2021-03-05 19:00:00-05:00,0.0
2021-03-05 20:00:00-05:00,0.0
2021-03-05 21:00:00-05:00,0.0
2021-03-05 22:00:00-05:00,0.0
2021-03-05 23:00:00-05:00,0.0
2021-03-06 00:00:00-05:00,0.0
2021-03-06 01:00:00-05:00,14.77
2021-03-06 02:00:00-05:00,74.84
2021-03-06 03:00:00-05:00,197.98
2021-03-06 04:00:00-05:00,312.61
2021-03-06 05:00:00-05:00,400.32
2021-03-06 06:00:00-05:00,436.86
2021-03-06 07:00:00-05:00,487.49
2021-03-06 08:00:00-05:00,557.2
2021-03-06 09:00:00-05:00,413.46
2021-03-06 10:00:00-05:00,258.85
2021-03-06 11:00:00-05:00,133.95
2021-03-06 12:00:00-05:00,29.08
2021-03-06 13:00:00-05:00,0.0
2021-03-06 14:00:00-05:00,0.0
2021-03-06 15:00:00-05:00,0.0
2021-03-06 16:00:00-05:00,0.0
2021-03-06 17:00:00-05:00,0.0
2021-03-06 18:00:00-05:00,0.0
2021-03-06 19:00:00-05:00,0.0
2021-03-06 20:00:00-05:00,0.0
2021-03-06 21:00:00-05:00,0.0
2021-03-06 22:00:00-05:00,0.0
2021-03-06 23:00:00-05:00,0.0
2021-03-07 00:00:00-05:00,0.0
2021-03-07 01:00:00-05:00,16.09
2021-03-07 02:00:00-05:00,114.71
2021-03-07 03:00:00-05:00,278.59
2021-03-07 04:00:00-05:00,482.28
2021-03-07 05:00:00-05:00,610.75
2021-03-07 06:00:00-05:00,670.99
2021-03-07 07:00:00-05:00,699.21
2021-03-07 08:00:00-05:00,646.25
2021-03-07 09:00:00-05:00,548.3
2021-03-07 10:00:00-05:00,393.58
2021-03-07 11:00:00-05:00,207.38
2021-03-07 12:00:00-05:00,34.58
2021-03-07 13:00:00-05:00,0.0
2021-03-07 14:00:00-05:00,0.0
2021-03-07 15:00:00-05:00,0.0
2021-03-07 16:00:00-05:00,0.0
2021-03-07 17:00:00-05:00,0.0
2021-03-07 18:00:00-05:00,0.0
2021-03-07 19:00:00-05:00,0.0
2021-03-07 20:00:00-05:00,0.0
2021-03-07 21:00:00-05:00,0.0
2021-03-07 22:00:00-05:00,0.0
2021-03-07 23:00:00-05:00,0.0
2021-03-08 00:00:00-05:00,0.0
2021-03-08 01:00:00-05:00,21.51
2021-03-08 02:00:00-05:00,182.27
2021-03-08 03:00:00-05:00,372.36
2021-03-08 04:00:00-05:00,534.83
2021-03-08 05:00:00-05:00,628.19
2021-03-08 06:00:00-05:00,698.95
2021-03-08 07:00:00-05:00,691.08
2021-03-08 08:00:00-05:00,622.42
2021-03-08 09:00:00-05:00,535.66
2021-03-08 10:00:00-05:00,346.34
2021-03-08 11:00:00-05:00,137.89
2021-03-08 12:00:00-05:00,25.77
2021-03-08 13:00:00-05:00,0.0
2021-03-08 14:00:00-05:00,0.0
2021-03-08 15:00:00-05:00,0.0
2021-03-08 16:00:00-05:00,0.0
2021-03-08 17:00:00-05:00,0.0
2021-03-08 18:00:00-05:00,0.0
2021-03-08 19:00:00-05:00,0.0
2021-03-08 20:00:00-05:00,0.0
2021-03-08 21:00:00-05:00,0.0
2021-03-08 22:00:00-05:00,0.0
2021-03-08 23:00:00-05:00,0.0
2021-03-09 00:00:00-05:00,0.0
2021-03-09 01:00:00-05:00,15.55
2021-03-09 02:00:00-05:00,69.66
2021-03-09 03:00:00-05:00,200.77
2021-03-09 04:00:00-05:00,327.41
2021-03-09 05:00:00-05:00,407.16
2021-03-09 06:00:00-05:00,493.55
2021-03-09 07:00:00-05:00,428.7
2021-03-09 08:00:00-05:00,354.19
2021-03-09 09:00:00-05:00,284.94
2021-03-09 10:00:00-05:00,197.58
2021-03-09 11:00:00-05:00,103.17
2021-03-09 12:00:00-05:00,33.73
2021-03-09 13:00:00-05:00,0.0
2021-03-09 14:00:00-05:00,0.0
2021-03-09 15:00:00-05:00,0.0
2021-03-09 16:00:00-05:00,0.0
2021-03-09 17:00:00-05:00,0.0
2021-03-09 18:00:00-05:00,0.0
2021-03-09 19:00:00-05:00,0.0
2021-03-09 20:00:00-05:00,0.0
2021-03-09 21:00:00-05:00,0.0
2021-03-09 22:00:00-05:00,0.0
2021-03-09 23:00:00-05:00,0.0
2021-03-10 00:00:00-05:00,0.0
2021-03-10 01:00:00-05:00,24.31
2021-03-10 02:00:00-05:00,180.41
2021-03-10 03:00:00-05:00,352.2
2021-03-10 04:00:00-05:00,514.05
2021-03-10 05:00:00-05:00,591.86
2021-03-10 06:00:00-05:00,639.93
2021-03-10 07:00:00-05:00,651.18
2021-03-10 08:00:00-05:00,556.84
2021-03-10 09:00:00-05:00,474.38
2021-03-10 10:00:00-05:00,329.03
2021-03-10 11:00:00-05:00,165.96
2021-03-10 12:00:00-05:00,28.34
2021-03-10 13:00:00-05:00,0.0
2021-03-10 14:00:00-05:00,0.0
2021-03-10 15:00:00-05:00,0.0
2021-03-10 16:00:00-05:00,0.0
2021-03-10 17:00:00-05:00,0.0
2021-03-10 18:00:00-05:00,0.0
2021-03-10 19:00:00-05:00,0.0
2021-03-10 20:00:00-05:00,0.0
2021-03-10 21:00:00-05:00,0.0
2021-03-10 22:00:00-05:00,0.0
2021-03-10 23:00:00-05:00,0.0
2021-03-11 00:00:00-05:00,0.0
2021-03-11 01:00:00-05:00,18.36
2021-03-11 02:00:00-05:00,121.38
2021-03-11 03:00:00-05:00,132.61
2021-03-11 04:00:00-05:00,211.64
2021-03-11 05:00:00-05:00,325.77
2021-03-11 06:00:00-05:00,327.55
2021-03-11 07:00:00-05:00,299.8
2021-03-11 08:00:00-05:00,352.05
2021-03-11 09:00:00-05:00,281.27
2021-03-11 10:00:00-05:00,225.55
2021-03-11 11:00:00-05:00,79.76
2021-03-11 12:00:00-05:00,22.66
2021-03-11 13:00:00-05:00,0.0
2021-03-11 14:00:00-05:00,0.0
2021-03-11 15:00:00-05:00,0.0
2021-03-11 16:00:00-05:00,0.0
2021-03-11 17:00:00-05:00,0.0
2021-03-11 18:00:00-05:00,0.0
2021-03-11 19:00:00-05:00,0.0
2021-03-11 20:00:00-05:00,0.0
2021-03-11 21:00:00-05:00,0.0
2021-03-11 22:00:00-05:00,0.0
2021-03-11 23:00:00-05:00,0.0
2021-03-12 00:00:00-05:00,0.0
2021-03-12 01:00:00-05:00,29.14
2021-03-12 02:00:00-05:00,165.82
2021-03-12 03:00:00-05:00,360.39
2021-03-12 04:00:00-05:00,550.4
2021-03-12 05:00:00-05:00,661.35
2021-03-12 06:00:00-05:00,695.98
2021-03-12 07:00:00-05:00,690.8
2021-03-12 08:00:00-05:00,641.46
2021-03-12 09:00:00-05:00,505.79
2021-03-12 10:00:00-05:00,349.13
2021-03-12 11:00:00-05:00,147.55
2021-03-12 12:00:00-05:00,28.03
2021-03-12 13:00:00-05:00,0.0
2021-03-12 14:00:00-05:00,0.0
2021-03-12 15:00:00-05:00,0.0
2021-03-12 16:00:00-05:00,0.0
2021-03-12 17:00:00-05:00,0.0
2021-03-12 18:00:00-05:00,0.0
2021-03-12 19:00:00-05:00,0.0
2021-03-12 20:00:00-05:00,0.0
2021-03-12 21:00:00-05:00,0.0
2021-03-12 22:00:00-05:00,0.0
2021-03-12 23:00:00-05:00,0.0
2021-03-13 00:00:00-05:00,0.0
2021-03-13 01:00:00-05:00,30.28
2021-03-13 02:00:00-05:00,137.1
2021-03-13 03:00:00-05:00,269.74
2021-03-13 04:00:00-05:00,507.76
2021-03-13 05:00:00-05:00,596.87
2021-03-13 06:00:00-05:00,650.82
2021-03-13 07:00:00-05:00,692.27
2021-03-13 08:00:00-05:00,663.55
2021-03-13 09:00:00-05:00,541.48
2021-03-13 10:00:00-05:00,291.03
2021-03-13 11:00:00-05:00,178.91
2021-03-13 12:00:00-05:00,38.09
2021-03-13 13:00:00-05:00,0.0
2021-03-13 14:00:00-05:00,0.0
2021-03-13 15:00:00-05:00,0.0
2021-03-13 16:00:00-05:00,0.0
2021-03-13 17:00:00-05:00,0.0
2021-03-13 18:00:00-05:00,0.0
2021-03-13 19:00:00-05:00,0.0
2021-03-13 20:00:00-05:00,0.0
2021-03-13 21:00:00-05:00,0.0
2021-03-13 22:00:00-05:00,0.0
2021-03-13 23:00:00-05:00,0.0
2021-03-14 00:00:00-05:00,0.0
2021-03-14 01:00:00-05:00,32.68
2021-03-14 02:00:00-05:00,124.55
2021-03-14 03:00:00-05:00,232.24
2021-03-14 04:00:00-05:00,304.74
2021-03-14 05:00:00-05:00,440.48
2021-03-14 06:00:00-05:00,541.33
2021-03-14 07:00:00-05:00,476.38
2021-03-14 08:00:00-05:00,513.9
2021-03-14 09:00:00-05:00,426.98
2021-03-14 10:00:00-05:00,313.38
2021-03-14 11:00:00-05:00,152.06
2021-03-14 12:00:00-05:00,42.21
2021-03-14 13:00:00-05:00,0.0
2021-03-14 14:00:00-05:00,0.0
2021-03-14 15:00:00-05:00,0.0
2021-03-14 16:00:00-05:00,0.0
2021-03-14 17:00:00-05:00,0.0
2021-03-14 18:00:00-05:00,0.0
2021-03-14 19:00:00-05:00,0.0
2021-03-14 20:00:00-05:00,0.0
2021-03-14 21:00:00-05:00,0.0
2021-03-14 22:00:00-05:00,0.0
2021-03-14 23:00:00-05:00,0.0
2021-03-15 00:00:00-05:00,0.0
2021-03-15 01:00:00-05:00,46.02
2021-03-15 02:00:00-05:00,223.68
2021-03-15 03:00:00-05:00,407.29
2021-03-15 04:00:00-05:00,577.83
2021-03-15 05:00:00-05:00,668.58
2021-03-15 06:00:00-05:00,759.37
2021-03-15 07:00:00-05:00,735.99
2021-03-15 08:00:00-05:00,665.44
2021-03-15 09:00:00-05:00,590.91
2021-03-15 10:00:00-05:00,435.73
2021-03-15 11:00:00-05:00,249.98
2021-03-15 12:00:00-05:00,61.73
2021-03-15 13:00:00-05:00,0.0
2021-03-15 14:00:00-05:00,0.0
2021-03-15 15:00:00-05:00,0.0
2021-03-15 16:00:00-05:00,0.0
2021-03-15 17:00:00-05:00,0.0
2021-03-15 18:00:00-05:00,0.0
2021-03-15 19:00:00-05:00,0.0
2021-03-15 20:00:00-05:00,0.0
2021-03-15 21:00:00-05:00,0.0
2021-03-15 22:00:00-05:00,0.0
2021-03-15 23:00:00-05:00,0.0
2021-03-16 00:00:00-05:00,0.0
2021-03-16 01:00:00-05:00,42.77
2021-03-16 02:00:00-05:00,207.42
2021-03-16 03:00:00-05:00,379.17
2021-03-16 04:00:00-05:00,516.53
2021-03-16 05:00:00-05:00,623.82
2021-03-16 06:00:00-05:00,675.83
2021-03-16 07:00:00-05:00,687.97
2021-03-16 08:00:00-05:00,627.38
2021-03-16 09:00:00-05:00,540.5
2021-03-16 10:00:00-05:00,403.78
2021-03-16 11:00:00-05:00,220.41
2021-03-16 12:00:00-05:00,49.96
2021-03-16 13:00:00-05:00,0.0
2021-03-16 14:00:00-05:00,0.0
2021-03-16 15:00:00-05:00,0.0
2021-03-16 16:00:00-05:00,0.0
2021-03-16 17:00:00-05:00,0.0
2021-03-16 18:00:00-05:00,0.0
2021-03-16 19:00:00-05:00,0.0
2021-03-16 20:00:00-05:00,0.0
2021-03-16 21:00:00-05:00,0.0
2021-03-16 22:00:00-05:00,0.0
2021-03-16 23:00:00-05:00,0.0
2021-03-17 00:00:00-05:00,0.0
2021-03-17 01:00:00-05:00,37.85
2021-03-17 02:00:00-05:00,205.09
2021-03-17 03:00:00-05:00,393.66
2021-03-17 04:00:00-05:00,551.52
2021-03-17 05:00:00-05:00,651.81
2021-03-17 06:00:00-05:00,673.99
2021-03-17 07:00:00-05:00,683.69
2021-03-17 08:00:00-05:00,623.1
2021-03-17 09:00:00-05:00,522.65
2021-03-17 10:00:00-05:00,377.86
2021-03-17 11:00:00-05:00,193.49
2021-03-17 12:00:00-05:00,37.32
2021-03-17 13:00:00-05:00,0.0
2021-03-17 14:00:00-05:00,0.0
2021-03-17 15:00:00-05:00,0.0
2021-03-17 16:00:00-05:00,0.0
2021-03-17 17:00:00-05:00,0.0
2021-03-17 18:00:00-05:00,0.0
2021-03-17 19:00:00-05:00,0.0
2021-03-17 20:00:00-05:00,0.0
2021-03-17 21:00:00-05:00,0.0
2021-03-17 22:00:00-05:00,0.0
2021-03-17 23:00:00-05:00,0.0
2021-03-18 00:00:00-05:00,0.0
2021-03-18 01:00:00-05:00,26.37
2021-03-18 02:00:00-05:00,114.98
2021-03-18 03:00:00-05:00,259.48
2021-03-18 04:00:00-05:00,387.45
2021-03-18 05:00:00-05:00,432.94
2021-03-18 06:00:00-05:00,491.78
2021-03-18 07:00:00-05:00,470.43
2021-03-18 08:00:00-05:00,424.8
2021-03-18 09:00:00-05:00,333.78
2021-03-18 10:00:00-05:00,312.64
2021-03-18 11:00:00-05:00,154.72
2021-03-18 12:00:00-05:00,35.66
2021-03-18 13:00:00-05:00,0.0
2021-03-18 14:00:00-05:00,0.0
2021-03-18 15:00:00-05:00,0.0
2021-03-18 16:00:00-05:00,0.0
2021-03-18 17:00:00-05:00,0.0
2021-03-18 18:00:00-05:00,0.0
2021-03-18 19:00:00-05:00,0.0
2021-03-18 20:00:00-05:00,0.0
2021-03-18 21:00:00-05:00,0.0
2021-03-18 22:00:00-05:00,0.0
2021-03-18 23:00:00-05:00,0.0
2021-03-19 00:00:00-05:00,0.0
2021-03-19 01:00:00-05:00,62.56
2021-03-19 02:00:00-05:00,251.61
2021-03-19 03:00:00-05:00,448.21
2021-03-19 04:00:00-05:00,611.62
2021-03-19 05:00:00-05:00,732.03
2021-03-19 06:00:00-05:00,787.35
2021-03-19 07:00:00-05:00,775.02
2021-03-19 08:00:00-05:00,731.52
2021-03-19 09:00:00-05:00,605.71
2021-03-19 10:00:00-05:00,454.64
2021-03-19 11:00:00-05:00,262.4
2021-03-19 12:00:00-05:00,68.41
2021-03-19 13:00:00-05:00,0.0
2021-03-19 14:00:00-05:00,0.0
2021-03-19 15:00:00-05:00,0.0
2021-03-19 16:00:00-05:00,0.0
2021-03-19 17:00:00-05:00,0.0
2021-03-19 18:00:00-05:00,0.0
2021-03-19 19:00:00-05:00,0.0
2021-03-19 20:00:00-05:00,0.0
2021-03-19 21:00:00-05:00,0.0
2021-03-19 22:00:00-05:00,0.0
2021-03-19 23:00:00-05:00,0.0
2021-03-20 00:00:00-05:00,0.0
2021-03-20 01:00:00-05:00,57.81
2021-03-20 02:00:00-05:00,239.52
2021-03-20 03:00:00-05:00,422.7
2021-03-20 04:00:00-05:00,576.67
2021-03-20 05:00:00-05:00,685.55
2021-03-20 06:00:00-05:00,708.05
2021-03-20 07:00:00-05:00,713.75
2021-03-20 08:00:00-05:00,667.04
2021-03-20 09:00:00-05:00,566.14
2021-03-20 10:00:00-05:00,420.82
2021-03-20 11:00:00-05:00,240.27
2021-03-20 12:00:00-05:00,61.82
2021-03-20 13:00:00-05:00,0.0
2021-03-20 14:00:00-05:00,0.0
2021-03-20 15:00:00-05:00,0.0
2021-03-20 16:00:00-05:00,0.0
2021-03-20 17:00:00-05:00,0.0
2021-03-20 18:00:00-05:00,0.0
2021-03-20 19:00:00-05:00,0.0
2021-03-20 20:00:00-05:00,0.0
2021-03-20 21:00:00-05:00,0.0
2021-03-20 22:00:00-05:00,0.0
2021-03-20 23:00:00-05:00,0.0
2021-03-21 00:00:00-05:00,0.0
2021-03-21 01:00:00-05:00,65.01
2021-03-21 02:00:00-05:00,252.49
2021-03-21 03:00:00-05:00,437.94
2021-03-21 04:00:00-05:00,594.3
2021-03-21 05:00:00-05:00,708.76
2021-03-21 06:00:00-05:00,718.69
2021-03-21 07:00:00-05:00,731.42
2021-03-21 08:00:00-05:00,665.31
2021-03-21 09:00:00-05:00,572.59
2021-03-21 10:00:00-05:00,422.99
2021-03-21 11:00:00-05:00,242.74
2021-03-21 12:00:00-05:00,64.04
2021-03-21 13:00:00-05:00,0.0
2021-03-21 14:00:00-05:00,0.0
2021-03-21 15:00:00-05:00,0.0
2021-03-21 16:00:00-05:00,0.0
2021-03-21 17:00:00-05:00,0.0
2021-03-21 18:00:00-05:00,0.0
2021-03-21 19:00:00-05:00,0.0
2021-03-21 20:00:00-05:00,0.0
2021-03-21 21:00:00-05:00,0.0
2021-03-21 22:00:00-05:00,0.0
2021-03-21 23:00:00-05:00,0.0
2021-03-22 00:00:00-05:00,0.0
2021-03-22 01:00:00-05:00,69.46
2021-03-22 02:00:00-05:00,255.98
2021-03-22 03:00:00-05:00,444.13
2021-03-22 04:00:00-05:00,597.92
2021-03-22 05:00:00-05:00,680.17
2021-03-22 06:00:00-05:00,709.27
2021-03-22 07:00:00-05:00,680.56
2021-03-22 08:00:00-05:00,653.8
2021-03-22 09:00:00-05:00,569.07
2021-03-22 10:00:00-05:00,420.17
2021-03-22 11:00:00-05:00,244.99
2021-03-22 12:00:00-05:00,66.96
2021-03-22 13:00:00-05:00,0.0
2021-03-22 14:00:00-05:00,0.0
2021-03-22 15:00:00-05:00,0.0
2021-03-22 16:00:00-05:00,0.0
2021-03-22 17:00:00-05:00,0.0
2021-03-22 18:00:00-05:00,0.0
2021-03-22 19:00:00-05:00,0.0
2021-03-22 20:00:00-05:00,0.0
2021-03-22 21:00:00-05:00,0.0
2021-03-22 22:00:00-05:00,0.0
2021-03-22 23:00:00-05:00,0.0
2021-03-23 00:00:00-05:00,0.0
2021-03-23 01:00:00-05:00,60.13
2021-03-23 02:00:00-05:00,241.91
2021-03-23 03:00:00-05:00,440.5
2021-03-23 04:00:00-05:00,591.91
2021-03-23 05:00:00-05:00,692.73
2021-03-23 06:00:00-05:00,689.51
2021-03-23 07:00:00-05:00,710.75
2021-03-23 08:00:00-05:00,619.93
2021-03-23 09:00:00-05:00,553.66
2021-03-23 10:00:00-05:00,394.63
2021-03-23 11:00:00-05:00,222.41
2021-03-23 12:00:00-05:00,55.52
2021-03-23 13:00:00-05:00,0.0
2021-03-23 14:00:00-05:00,0.0
2021-03-23 15:00:00-05:00,0.0
2021-03-23 16:00:00-05:00,0.0
2021-03-23 17:00:00-05:00,0.0
2021-03-23 18:00:00-05:00,0.0
2021-03-23 19:00:00-05:00,0.0
2021-03-23 20:00:00-05:00,0.0
2021-03-23 21:00:00-05:00,0.0
2021-03-23 22:00:00-05:00,0.0
2021-03-23 23:00:00-05:00,0.0
2021-03-24 00:00:00-05:00,0.0
2021-03-24 01:00:00-05:00,39.59
2021-03-24 02:00:00-05:00,144.31
2021-03-24 03:00:00-05:00,260.77
2021-03-24 04:00:00-05:00,362.3
2021-03-24 05:00:00-05:00,452.24
2021-03-24 06:00:00-05:00,469.55
2021-03-24 07:00:00-05:00,426.83
2021-03-24 08:00:00-05:00,247.62
2021-03-24 09:00:00-05:00,191.61
2021-03-24 10:00:00-05:00,135.36
2021-03-24 11:00:00-05:00,93.76
2021-03-24 12:00:00-05:00,28.23
2021-03-24 13:00:00-05:00,0.0
2021-03-24 14:00:00-05:00,0.0
2021-03-24 15:00:00-05:00,0.0
2021-03-24 16:00:00-05:00,0.0
2021-03-24 17:00:00-05:00,0.0
2021-03-24 18:00:00-05:00,0.0
2021-03-24 19:00:00-05:00,0.0
2021-03-24 20:00:00-05:00,0.0
2021-03-24 21:00:00-05:00,0.0
2021-03-24 22:00:00-05:00,0.0
2021-03-24 23:00:00-05:00,0.0
2021-03-25 00:00:00-05:00,0.0
2021-03-25 01:00:00-05:00,73.48
2021-03-25 02:00:00-05:00,207.54
2021-03-25 03:00:00-05:00,408.8
2021-03-25 04:00:00-05:00,580.7
2021-03-25 05:00:00-05:00,683.55
2021-03-25 06:00:00-05:00,730.42
2021-03-25 07:00:00-05:00,737.87
2021-03-25 08:00:00-05:00,700.25
2021-03-25 09:00:00-05:00,533.34
2021-03-25 10:00:00-05:00,374.93
2021-03-25 11:00:00-05:00,219.52
2021-03-25 12:00:00-05:00,55.48
2021-03-25 13:00:00-05:00,0.0
2021-03-25 14:00:00-05:00,0.0
2021-03-25 15:00:00-05:00,0.0
2021-03-25 16:00:00-05:00,0.0
2021-03-25 17:00:00-05:00,0.0
2021-03-25 18:00:00-05:00,0.0
2021-03-25 19:00:00-05:00,0.0
2021-03-25 20:00:00-05:00,0.0
2021-03-25 21:00:00-05:00,0.0
2021-03-25 22:00:00-05:00,0.0
2021-03-25 23:00:00-05:00,0.0
2021-03-26 00:00:00-05:00,0.0
2021-03-26 01:00:00-05:00,29.67
2021-03-26 02:00:00-05:00,18.43
2021-03-26 03:00:00-05:00,81.93
2021-03-26 04:00:00-05:00,49.96
2021-03-26 05:00:00-05:00,46.02
2021-03-26 06:00:00-05:00,226.19
2021-03-26 07:00:00-05:00,139.42
2021-03-26 08:00:00-05:00,169.7
2021-03-26 09:00:00-05:00,104.53
2021-03-26 10:00:00-05:00,82.96
2021-03-26 11:00:00-05:00,36.27
2021-03-26 12:00:00-05:00,30.53
2021-03-26 13:00:00-05:00,0.0
2021-03-26 14:00:00-05:00,0.0
2021-03-26 15:00:00-05:00,0.0
2021-03-26 16:00:00-05:00,0.0
2021-03-26 17:00:00-05:00,0.0
2021-03-26 18:00:00-05:00,0.0
2021-03-26 19:00:00-05:00,0.0
2021-03-26 20:00:00-05:00,0.0
2021-03-26 21:00:00-05:00,0.0
2021-03-26 22:00:00-05:00,0.0
2021-03-26 23:00:00-05:00,0.0
2021-03-27 00:00:00-05:00,0.0
2021-03-27 01:00:00-05:00,48.3
2021-03-27 02:00:00-05:00,70.34
2021-03-27 03:00:00-05:00,115.73
2021-03-27 04:00:00-05:00,187.77
2021-03-27 05:00:00-05:00,239.66
2021-03-27 06:00:00-05:00,282.77
2021-03-27 07:00:00-05:00,320.59
2021-03-27 08:00:00-05:00,226.11
2021-03-27 09:00:00-05:00,162.68
2021-03-27 10:00:00-05:00,113.76
2021-03-27 11:00:00-05:00,120.46
2021-03-27 12:00:00-05:00,40.7
2021-03-27 13:00:00-05:00,0.0
2021-03-27 14:00:00-05:00,0.0
2021-03-27 15:00:00-05:00,0.0
2021-03-27 16:00:00-05:00,0.0
2021-03-27 17:00:00-05:00,0.0
2021-03-27 18:00:00-05:00,0.0
2021-03-27 19:00:00-05:00,0.0
2021-03-27 20:00:00-05:00,0.0
2021-03-27 21:00:00-05:00,0.0
2021-03-27 22:00:00-05:00,0.0
2021-03-27 23:00:00-05:00,0.0
2021-03-28 00:00:00-05:00,0.0
2021-03-28 01:00:00-05:00,23.88
2021-03-28 02:00:00-05:00,85.95
2021-03-28 03:00:00-05:00,149.77
2021-03-28 04:00:00-05:00,220.34
2021-03-28 05:00:00-05:00,198.72
2021-03-28 06:00:00-05:00,137.79
2021-03-28 07:00:00-05:00,113.16
2021-03-28 08:00:00-05:00,116.88
2021-03-28 09:00:00-05:00,114.67
2021-03-28 10:00:00-05:00,64.93
2021-03-28 11:00:00-05:00,46.63
2021-03-28 12:00:00-05:00,30.26
2021-03-28 13:00:00-05:00,0.0
2021-03-28 14:00:00-05:00,0.0
2021-03-28 15:00:00-05:00,0.0
2021-03-28 16:00:00-05:00,0.0
2021-03-28 17:00:00-05:00,0.0
2021-03-28 18:00:00-05:00,0.0
2021-03-28 19:00:00-05:00,0.0
2021-03-28 20:00:00-05:00,0.0
2021-03-28 21:00:00-05:00,0.0
2021-03-28 22:00:00-05:00,0.0
2021-03-28 23:00:00-05:00,0.0
2021-03-29 00:00:00-05:00,0.0
2021-03-29 01:00:00-05:00,72.29
2021-03-29 02:00:00-05:00,195.72
2021-03-29 03:00:00-05:00,380.55
2021-03-29 04:00:00-05:00,622.53
2021-03-29 05:00:00-05:00,739.04
2021-03-29 06:00:00-05:00,819.72
2021-03-29 07:00:00-05:00,832.39
2021-03-29 08:00:00-05:00,776.43
2021-03-29 09:00:00-05:00,665.96
2021-03-29 10:00:00-05:00,499.65
2021-03-29 11:00:00-05:00,300.26
2021-03-29 12:00:00-05:00,99.73
2021-03-29 13:00:00-05:00,0.0
2021-03-29 14:00:00-05:00,0.0
2021-03-29 15:00:00-05:00,0.0
2021-03-29 16:00:00-05:00,0.0
2021-03-29 17:00:00-05:00,0.0
2021-03-29 18:00:00-05:00,0.0
2021-03-29 19:00:00-05:00,0.0
2021-03-29 20:00:00-05:00,0.0
2021-03-29 21:00:00-05:00,0.0
2021-03-29 22:00:00-05:00,0.0
2021-03-29 23:00:00-05:00,0.0
2021-03-30 00:00:00-05:00,0.0
2021-03-30 01:00:00-05:00,91.07
2021-03-30 02:00:00-05:00,266.48
2021-03-30 03:00:00-05:00,450.09
2021-03-30 04:00:00-05:00,623.23
2021-03-30 05:00:00-05:00,729.26
2021-03-30 06:00:00-05:00,760.02
2021-03-30 07:00:00-05:00,798.4
2021-03-30 08:00:00-05:00,740.38
2021-03-30 09:00:00-05:00,501.26
2021-03-30 10:00:00-05:00,414.74
2021-03-30 11:00:00-05:00,225.59
2021-03-30 12:00:00-05:00,75.01
2021-03-30 13:00:00-05:00,0.0
2021-03-30 14:00:00-05:00,0.0
2021-03-30 15:00:00-05:00,0.0
2021-03-30 16:00:00-05:00,0.0
2021-03-30 17:00:00-05:00,0.0
2021-03-30 18:00:00-05:00,0.0
2021-03-30 19:00:00-05:00,0.0
2021-03-30 20:00:00-05:00,0.0
2021-03-30 21:00:00-05:00,0.0
2021-03-30 22:00:00-05:00,0.0
2021-03-30 23:00:00-05:00,0.0
2021-03-31 00:00:00-05:00,0.0
2021-03-31 01:00:00-05:00,22.1
2021-03-31 02:00:00-05:00,112.62
2021-03-31 03:00:00-05:00,260.59
2021-03-31 04:00:00-05:00,197.16
2021-03-31 05:00:00-05:00,287.45
2021-03-31 06:00:00-05:00,257.0
2021-03-31 07:00:00-05:00,276.86
2021-03-31 08:00:00-05:00,153.48
2021-03-31 09:00:00-05:00,76.01
2021-03-31 10:00:00-05:00,86.92
2021-03-31 11:00:00-05:00,33.35
2021-03-31 12:00:00-05:00,33.63
2021-03-31 13:00:00-05:00,0.0
